county,Kod,population,WOJ.x,Feminization_index,w.wieku.przedprodukcyjnym.2021....,Working_age_population_share,w.wieku.poprodukcyjnym.2021....,Doctors_and_staff_per_10_thousand_people_in_2020,Population_per_1_square_km_in_2021,zaszczepieni_pelna_dawka,liczba_ludnosci,Fully_vaccinated_population,ludność,WOJ.y,Frekwencja,X..głosów.nieważnych,W.tym.z.powodu.postawienia.znaku..X..obok.nazwiska.dwóch.lub.większej.liczby.kandydatów.z.różnych.list,W.tym.z.powodu.niepostawienia.znaku..X..obok.nazwiska.żadnego.kandydata,W.tym.z.powodu.postawienia.znaku..X..wyłącznie.obok.nazwiska.kandydata.na.liście.której.rejestracja.została.unieważniona,X..głosów.ważnych,KOALICYJNY.KOMITET.WYBORCZY.KOALICJA.OBYWATELSKA.PO..N.IPL.ZIELONI...ZPOW.601.6.19,KOMITET.WYBORCZY.AKCJA.ZAWIEDZIONYCH.EMERYTÓW.RENCISTÓW...ZPOW.601.21.19,KOMITET.WYBORCZY.KONFEDERACJA.WOLNOŚĆ.I.NIEPODLEGŁOŚĆ...ZPOW.601.5.19,KOMITET.WYBORCZY.POLSKIE.STRONNICTWO.LUDOWE...ZPOW.601.19.19,KOMITET.WYBORCZY.PRAWICA...ZPOW.601.20.19,Votes_on_PiS_commission,KOMITET.WYBORCZY.SKUTECZNI.PIOTRA.LIROYA.MARCA...ZPOW.601.17.19,KOMITET.WYBORCZY.SOJUSZ.LEWICY.DEMOKRATYCZNEJ...ZPOW.601.1.19,KOMITET.WYBORCZY.WYBORCÓW.KOALICJA.BEZPARTYJNI.I.SAMORZĄDOWCY...ZPOW.601.10.19,KOMITET.WYBORCZY.WYBORCÓW.MNIEJSZOŚĆ.NIEMIECKA...ZPOW.601.15.19,Higher_education_population_share_in_2011,średnie,zasadnicze_zawodowe,podstawowe,Health_exp,Health_expenditure_per_1_person
aleksandrowski,401000,54701,4,106,17.2,59.4,23.4,52.1,115,32893,54891,59.92,54701,4,56.96,1.44,62.8,37.2,0,98.56,20.9,0,6.22,10.23,0,45.41,0,15.33,1.91,0,0.10596751115225991,0.31823920545408635,0.27287265381701875,0.30292062957663496,6391637.8,116.84681815688927
augustowski,2001000,57316,20,104,16.9,61.2,22,23.1,34,26289,57651,45.6,57316,20,52.33,1.07,55.64,44.36,0,98.93,16.15,0.35,5.84,14.74,0,55.02,0.37,6.85,0.7,0,0.1330415003647912,0.3360585382601605,0.18930518003519162,0.34159478133985666,3269479.25,57.04304644427385
bartoszycki,2801000,56077,28,104,17,60.5,22.5,24.2,43,32864,56562,58.1,56077,28,48.68,2.1,78.39,21.61,0,97.9,32.16,0,4.94,7.84,0,41.54,0,11.26,2.27,0,0.12410412719334377,0.2945876925611665,0.247219705082791,0.33408847516269874,3375567.9,60.19522977334736
bełchatowski,1001000,112149,10,105,18.8,59.7,21.5,50.1,116,55689,112443,49.53,112149,10,63.88,1.13,62.44,37.56,0,98.87,11.67,0,10,7.03,0,59.73,0,11.58,0,0,0.16047488900171764,0.3325843424904666,0.23581328522507536,0.27112748328274044,2678162.17,23.880392781032377
będziński,2401000,146527,24,110,16.1,57.6,26.2,41,401,94132,147259,63.92,146527,24,63.17,0.96,65.22,34.78,0,99.04,32.1,0,6.79,4.75,0,34.01,0,22.34,0,0,0.18755696113789852,0.39154209866253303,0.2197044641952998,0.20119647600426868,3531074.08,24.098453390842643
bialski,601000,109502,6,101,18.8,60.6,20.6,28.6,40,52005,109958,47.3,109502,6,56.57,1.64,68.21,31.79,0,98.36,17.94,0,5.35,10.79,0,60.89,0,3.97,1.06,0,0.11522210184182015,0.3054929577464789,0.24617551462621884,0.33310942578548214,7455213.52,68.0828982119048
białobrzeski,1401000,33232,14,98,20.3,60,19.6,27.6,52,17887,33329,53.67,33232,14,60.22,1.58,59.45,40.55,0,98.42,12.91,0,4.37,12.01,0,65.41,0.46,4.3,0.54,0,0.10620689655172413,0.2592377495462795,0.2715426497277677,0.36301270417422865,1141049.27,34.33585911169957
białogardzki,3201000,47100,32,103,17.6,60.5,21.9,27.1,55,24391,47304,51.56,47100,32,50.72,2.25,69.71,30.29,0,97.75,33.53,0,5.05,9.45,0,37.11,0,14.86,0,0,0.10921913065777664,0.3033209385818695,0.2606744454417233,0.3267854853186306,8361290.7,177.52209554140128
białostocki,2002000,151479,20,103,18.7,61,20.3,23.5,51,72574,150845,48.11,151479,20,59.75,0.91,49.92,50.08,0,99.09,22.04,0.33,7.58,6.7,0,53.24,0.5,8.65,0.96,0,0.16097291120643528,0.33192160845946656,0.20342441528290423,0.3036810650511939,18297289.29,120.79093002990513
bielski,2003000,53299,20,102,16.4,57.9,25.7,39.1,38,24204,53695,45.08,53299,20,53.58,1,56.02,43.98,0,99,25.59,0.27,4.5,7.72,0,50.94,0.3,9.9,0.77,0,0.03865616210943071,0.08644010747964789,0.04728762215541192,0.10055964721117697,1182046.73,22.177653051652
bielski,2402000,166405,24,105,19.8,59.5,20.7,26.6,363,97787,166348,58.78,166405,24,66.81,0.94,57.09,42.91,0,99.06,26.44,0,7.96,8.68,0,45.69,0,11.23,0,0,0.1155178020297908,0.24405410493527832,0.22151418514567373,0.14597036893358967,1077933.46,6.477770860250593
bieruńsko-lędziński,2414000,59898,24,103,20,60.7,19.3,27.1,379,34645,59823,57.91,59898,24,64.5,1.09,60,40,0,98.91,23.19,0,7.36,4.83,0,56.9,0,7.72,0,0,0.14492690377481998,0.3370717870390574,0.31667030329478507,0.20133100589133754,24000,0.40068115796854653
bieszczadzki,1801000,21382,18,103,16.1,62.3,21.6,34.4,19,8878,21489,41.31,21382,18,52.05,1.41,65.93,34.07,0,98.59,21.81,0,7.7,11.57,0,49.86,0,9.06,0,0,0.13626373626373625,0.3301211608903917,0.23296703296703297,0.30064806987883913,4079814.19,190.8060139369563
biłgorajski,602000,99806,6,103,17.3,60.5,22.2,24.7,59,43163,100333,43.02,99806,6,56.77,1.1,66.99,33.01,0,98.9,7.81,0,6.8,14.2,0,65,0,5.49,0.7,0,0.13900864693703568,0.3,0.23347947874802094,0.3275118743149434,2498583.96,25.03440634831573
bocheński,1201000,106826,12,102,20.9,60,19,33.7,165,55667,106947,52.05,106826,12,63.83,1.16,64.75,35.25,0,98.84,11.86,0,6.62,11.41,0,65.08,0,5.03,0,0,0.14608455972830633,0.33713146625978246,0.2859551114829945,0.23082886252891668,6229183.14,58.311489150581316
bolesławiecki,201000,89574,2,106,17.6,59.8,22.6,30.7,69,47192,89762,52.57,89574,2,55.87,1.53,58.81,41.19,0,98.47,20.52,0,6.73,7.21,0,42.44,0,17.67,5.43,0,0.12175838963806106,0.32305363200538284,0.2909248927640248,0.2642630855925313,2660188.54,29.69822202871369
braniewski,2802000,40511,28,100,16.8,62.1,21,30.7,34,22796,40776,55.91,40511,28,48.73,1.91,78.43,21.57,0,98.09,27.72,0,5.49,12.27,0,38.03,0,10.56,5.92,0,0.12269364601304132,0.3187812509137694,0.22629316646685577,0.33223193660633354,4311356.02,106.42432968823282
brodnicki,402000,78915,4,102,20.5,60.3,19.2,26.1,76,45219,79023,57.22,78915,4,54.24,1.37,68.44,31.56,0,98.63,13.92,0,4.71,29.13,0,42.88,0,8.61,0.75,0,0.10663107614498454,0.2723299303799444,0.27743436046330117,0.34360463301176986,2217293.56,28.097238294367358
brzeski,1202000,92831,12,102,19.4,61.4,19.2,33.4,157,42880,93035,46.09,92831,12,59.29,1.29,64.16,35.84,0,98.71,10.14,0,8.44,13.49,0,63.62,0,4.31,0,0,0.057935929354479304,0.14735010522551273,0.15686166627694254,0.12618120796137605,4453285.44,47.97196453770831
brzeski,1601000,88942,16,106,17.2,59.7,23,26.1,101,46216,89282,51.76,88942,16,56.22,1.2,62.29,37.71,0,98.8,23.08,0,6.44,15.41,0,44.27,0,10.42,0,0.38,0.07572798173340119,0.19193683718243215,0.11769439209914581,0.12631188016671022,4051584.16,45.55310382046727
brzeziński,1021000,30589,10,107,18,59,23,113.9,85,16646,30648,54.31,30589,10,61.79,1.4,70.75,29.25,0,98.6,16.9,0,6.79,11.89,0,53.62,0,10.8,0,0,0.12450238076652877,0.3164468035282179,0.25017563031769574,0.3088751853875576,785087.95,25.665695184543463
brzozowski,1802000,65129,18,102,18.9,60.9,20.2,41.1,121,24255,65373,37.1,65129,18,55.97,1.17,62.76,37.24,0,98.83,8.2,0,6.58,5.32,0,75.77,0,4.13,0,0,0.11100828995565838,0.29535376903797955,0.26764989396568345,0.32598804704067863,4287223.38,65.82664220239832
buski,2601000,70687,26,105,16,58.9,25,47.7,73,39684,71125,55.79,70687,26,56.08,1.1,66.13,33.87,0,98.9,10.97,0,4.67,14.93,0,59.49,1.11,8,0.83,0,0.1366382344755325,0.3002406640362797,0.25233706062441674,0.31078404086377104,2706897.64,38.29413668708532
bydgoski,403000,121098,4,102,20.4,62,17.6,24,88,73958,120432,61.41,121098,4,61.97,1.33,72.85,27.15,0,98.67,33.34,0,8.22,8.6,0,32.87,0,15.71,1.26,0,0.1618068121950661,0.28026433332569806,0.2751906910690153,0.28273816341022057,29571.8,0.24419726172191117
bytowski,2201000,78939,22,101,20.7,60.4,18.9,22.5,36,41453,79114,52.4,78939,22,54.18,1.36,56.88,43.12,0,98.64,26.69,0,6.65,9.39,0,43.72,0,13.54,0,0,0.10862646993754362,0.2793859873045047,0.29848028454246867,0.31350725821548303,2860962.75,36.24270322654201
chełmiński,404000,51427,4,104,18.7,60.7,20.6,20.9,97,29928,51657,57.94,51427,4,52.54,1.73,65.73,34.27,0,98.27,28.92,0,6.7,11.28,0,39.86,0,12.03,1.21,0,0.09302272519850324,0.26480788537008304,0.29170849685132794,0.3504608925800858,2441214.45,47.46950920722578
chełmski,603000,77214,6,102,17.5,61.3,21.1,6.3,41,35138,77502,45.34,77214,6,48.53,1.96,68.17,31.83,0,98.04,15.8,0,6.03,11.02,0,61.19,0,5.07,0.89,0,0.09528855308823982,0.2715224669062318,0.2449092416843269,0.3882797383212015,6018886.67,77.95071709793561
chodzieski,3001000,46669,30,104,18.7,59.9,21.3,14.9,68,28942,46824,61.81,46669,30,60.62,1.6,66.95,33.05,0,98.4,30.34,0,6.98,16.69,0,31.2,0,14.78,0,0,0.12118763359574579,0.2982117720661071,0.32631249674156715,0.25428809759657994,1913686.49,41.00551736698879
chojnicki,2202000,97536,22,103,21.1,59.2,19.7,40.4,72,53510,97661,54.79,97536,22,58.61,1.2,57.2,42.8,0,98.8,30.66,0,7.15,8.02,0,45.33,0,8.84,0,0,0.11349739203856787,0.30395347887074586,0.31780359258603547,0.26474553650465077,4988891.07,51.14922766978347
choszczeński,3202000,47682,32,101,17.1,60.4,22.5,24.2,36,28792,47970,60.02,47682,32,48.13,2.45,78.03,21.97,0,97.55,29.48,0,5.57,10.36,0,40.94,0,13.64,0,0,0.12005820405948653,0.28756751424273064,0.23856265568352775,0.3538116260142551,2255351.82,47.29985780797785
chrzanowski,1203000,123099,12,107,16.3,58.9,24.8,67.3,331,74309,123664,60.09,123099,12,62.82,1.13,60.52,39.48,0,98.87,30.18,0,7.15,5.48,0,44.39,0,12.79,0,0,0.1580815050553412,0.3579951371091146,0.2515466433848725,0.2323767144506717,5254638.9,42.68628421026978
ciechanowski,1402000,88476,14,103,18.2,59.4,22.4,44.3,83,49721,88891,55.93,88476,14,57.45,1.43,61.37,38.63,0,98.57,15.94,0,5.12,14.33,0,54.24,0,8.91,1.46,0,0.16211890747966404,0.33545400436479067,0.23199523841015807,0.2704318497453872,2984108.06,33.72788168542882
cieszyński,2403000,177030,24,106,19,58.8,22.2,47.2,242,94283,177536,53.11,177030,24,62.3,1,61.23,38.77,0,99,28.3,0,7.72,8.19,0,41.48,0,14.31,0,0,0.14598007737358856,0.3338505874528929,0.3114394204846933,0.20872991468882515,3364596.16,19.0057965316613
czarnkowsko-trzcianecki,3002000,86116,30,101,19.2,60,20.8,17.9,48,51193,86590,59.12,86116,30,57.09,1.94,70.64,29.36,0,98.06,27.8,0,6.23,16.54,0,37.88,0,11.55,0,0,0.12191743656380746,0.31858748268623893,0.2876154845711185,0.2718795961788351,4191348.79,48.67096462910493
częstochowski,2404000,133650,24,104,16.7,60.6,22.7,32.8,88,74363,134106,55.45,133650,24,60.47,1.37,71.78,28.22,0,98.63,18.64,0,5.9,11.25,0,49.6,0,12.58,2.04,0,0.1226746443573723,0.30600268276324616,0.2845052772777013,0.28681739560168024,105966.82,0.7928680882903105
człuchowski,2203000,55615,22,103,18.8,59.8,21.4,18.6,35,31003,55835,55.53,55615,22,51.34,1.95,65.32,34.68,0,98.05,34.57,0,6.35,9.23,0,37.76,0,12.09,0,0,0.10660298722656514,0.29617698078352744,0.28718826736353603,0.3100317646263714,5448016.44,97.95947927717343
dąbrowski,1204000,58852,12,101,17.8,62.8,19.4,32.6,111,22834,58977,38.72,58852,12,53.63,1.43,63.33,36.67,0,98.57,5.81,0,6.56,14.43,0,70.19,0,3.02,0,0,0.10127317503833465,0.28228242182054736,0.30570140792714096,0.310742995213977,2200034.11,37.382486746414735
dębicki,1803000,134612,18,103,19,61.1,19.9,22.1,173,55395,134991,41.04,134612,18,59.98,1.12,59.55,40.45,0,98.88,13.9,0,7.15,8.21,0,65.42,0.41,4.92,0,0,0.1384713874848314,0.3526567740332706,0.24283134429612926,0.26604049418576875,2912950.86,21.639607612991412
drawski,3203000,56159,32,104,17.4,59.9,22.7,34.7,32,31067,56482,55,56159,32,50.54,1.96,73.99,26.01,0,98.04,29.36,0,6.01,10.97,0,38.38,0,15.28,0,0,0.10366474013464078,0.31582137368227375,0.2651037946186982,0.3154100915643873,2474487.82,44.062177389198524
działdowski,2803000,64415,28,103,19.1,60.7,20.2,29.3,67,37514,64768,57.92,64415,28,51.41,2.27,72.86,27.14,0,97.73,20.02,0,5.37,15.2,0,48.22,0,8.98,2.21,0,0.11009208937198067,0.2927234299516908,0.25615187198067635,0.34103260869565216,6066067.51,94.1716604828068
dzierżoniowski,202000,99340,2,110,15.5,58.2,26.4,27,207,51141,99935,51.17,99340,2,55.4,1.36,66.89,33.11,0,98.64,26.51,0,5.64,10.52,0,43.61,0,11.17,2.54,0,0.12423781415444532,0.34194608409906896,0.25168867522667804,0.2821274265198077,2010026.66,20.233809744312463
elbląski,2804000,56762,28,100,18.5,61.3,20.2,17,40,31990,56986,56.14,56762,28,47.83,1.96,71.12,28.88,0,98.04,27.07,0,5.61,11.19,0,41.56,0,11.59,2.98,0,0.09848230098415046,0.27284955276077744,0.2869504786244311,0.34171766763064093,2240416.64,39.47036115711215
ełcki,2805000,91216,28,104,19.6,61,19.4,35.5,82,41223,91395,45.1,91216,28,49.78,1.32,56.43,43.57,0,98.68,24.22,0,8.93,9.17,0,43.34,0.78,13.55,0,0,0.14541487419145183,0.3555909752096809,0.19182321809909939,0.3071709324997679,3267865.09,35.82556886949658
garwoliński,1403000,108400,14,101,21.6,59.3,19.1,35.4,84,57931,108634,53.33,108400,14,62.81,1.27,59.29,40.71,0,98.73,9.81,0.3,5.61,11.04,0,67.19,0,4.48,1.57,0,0.127229570119481,0.31534081183169954,0.2609067774366933,0.29652284061212614,4690205.27,43.26757629151291
gdański,2204000,121406,22,104,22.6,60.9,16.4,18.3,154,76233,120327,63.35,121406,22,64.13,1.16,61.87,38.13,0,98.84,42.79,0,8.33,6.72,0,30,0,12.16,0,0,0.1946833977849683,0.34062031410307,0.23119722200299897,0.23349906610896273,497921.57,4.101292934451346
giżycki,2806000,55943,28,105,17.4,60.1,22.5,31.1,50,32183,56227,57.24,55943,28,53.24,1.75,69.01,30.99,0,98.25,28.79,0,6.86,14.18,0,37.01,0.7,12.46,0,0,0.148965884152424,0.3280352907273171,0.21296357872802643,0.3100352463922325,4410810.72,78.84472981427524
gliwicki,2405000,115207,24,107,18.2,59.9,21.9,48.6,173,65225,115416,56.51,115207,24,58.29,1.26,56.62,43.38,0,98.74,29.52,0,8.21,6.65,0,43.18,0,10.29,2.15,0,0.13176855412633162,0.3166357247049463,0.31563011094903415,0.23596561021968793,12706953.5,110.29671374135252
głogowski,203000,88189,2,106,18.1,57.9,24,35.4,199,52013,88447,58.81,88189,2,60.26,1.1,66.15,33.85,0,98.9,26.16,0,5.29,5.07,0,44.28,0,16.69,2.51,0,0.16911876652226268,0.3548462997051944,0.26843919115306364,0.20759574261947933,2448464.45,27.76383052308111
głubczycki,1602000,44723,16,105,15.5,60,24.5,26.4,66,23018,45015,51.13,44723,16,51.3,1.58,65.66,34.34,0,98.42,23.46,0,4.88,7.92,0,54.04,0,8.81,0,0.9,0.11724263652699289,0.32185734003489674,0.26651735722284436,0.29438266621526604,2143737.91,47.933678644098116
gnieźnieński,3003000,144662,30,105,20,58.9,21.1,17.5,115,88001,145068,60.66,144662,30,61.39,1.48,70.71,29.29,0,98.52,25.2,0.67,6.41,7.37,0,38.24,0,22.11,0,0,0.1397894520793959,0.3175151582530167,0.31948209658522403,0.2232132930823634,7167856.85,49.54899593535275
goleniowski,3204000,82136,32,103,18.5,60.5,21,32.2,51,48253,82310,58.62,82136,32,54.16,1.73,66.83,33.17,0,98.27,29.62,0,6.44,12.55,0,36.61,0,14.8,0,0,0.13181355461640498,0.3322947836011969,0.24064534040781071,0.2952463213745874,2801010.41,34.10210394954709
golubsko-dobrzyński,405000,44614,4,102,18.9,61,20.1,26.8,73,25449,44855,56.74,44614,4,52.16,1.48,69.71,30.29,0,98.52,19.17,0,6.2,13.13,0,49.98,0,10.45,1.08,0,0.08796419628110182,0.2690873248441579,0.2832329905695562,0.3597154883051841,1949644,43.70027345676245
gołdapski,2818000,26396,28,102,18.7,60.9,20.4,26,34,13665,26489,51.59,26396,28,46.42,1.81,57.87,42.13,0,98.19,27.21,0,5.1,12.62,0,40.73,0.67,13.66,0,0,0.1148740972086668,0.30572906500097596,0.21627952371657233,0.3631173140737849,732734.65,27.759306334293075
gorlicki,1205000,108193,12,102,19.2,60.1,20.7,34.1,112,46915,108487,43.24,108193,12,57.62,1.4,69.6,30.4,0,98.6,15.07,0,6.14,10.43,0,61.92,0,6.45,0,0,0.12195065013889862,0.3228750846231062,0.2962042159815113,0.25897004925648387,2626584.87,24.27684665366521
gorzowski,801000,72429,8,102,19.7,61.6,18.8,26,60,42049,72291,58.17,72429,8,56.86,1.57,67.63,32.37,0,98.43,31.88,0,7.94,10.05,0,34.73,0,15.41,0,0,0.1408728694753929,0.30762561794436655,0.27235667379915884,0.2791448387810817,3393052.41,46.846600256803214
gostyniński,1404000,44367,14,106,16.6,59.8,23.7,65.3,72,23781,44581,53.34,44367,14,55.96,1.67,57.6,42.4,0,98.33,17.11,0,5.04,12.58,0,55.66,0,8.58,1.03,0,0.12595869434337617,0.31188650106012616,0.2362379917807502,0.32591681281574747,3520856.26,79.35754637455766
gostyński,3004000,75509,30,101,20.2,59.9,19.9,24.7,93,40231,75732,53.12,75509,30,55.49,1.96,70.08,29.92,0,98.04,21.34,0,9.96,10.83,0,45.16,0,12.72,0,0,0.11015835363508142,0.292761892550327,0.3310520579561482,0.2660276958584434,1988318.78,26.332209140632244
górowski,204000,34362,2,102,17.6,60.2,22.2,11.6,46,17877,34552,51.74,34362,2,50.39,1.58,67.28,32.72,0,98.42,22.58,0,5.56,8.09,0,48.83,0,11.26,3.68,0,0.09719097293243335,0.2972318810936115,0.2986295766005318,0.3069475693734233,2546645.66,74.11226529305628
grajewski,2004000,46519,20,101,17.1,61.7,21.2,34,48,17950,46792,38.36,46519,20,50.57,1.36,56.25,43.75,0,98.64,11.22,0.41,7.43,14.01,0,61.16,0.3,5.1,0.38,0,0.11340262732084579,0.29948166634670764,0.2110632696157749,0.3760524367166717,2194898.37,47.18283647541865
grodziski,1405000,98120,14,108,21.8,57.9,20.3,66,269,61513,97462,63.11,98120,14,70.41,0.83,52.38,47.62,0,99.17,28.6,0,6.49,11.21,0,37.93,0,13.89,1.89,0,0.1469439889844097,0.24108380363985543,0.1134442743389287,0.12933353866780203,4694298.99,47.84242753770893
grodziski,3005000,51819,30,102,21.8,60.3,17.9,30.8,81,31926,51929,61.48,51819,30,58.65,2.01,66.59,33.41,0,97.99,28.8,0,7.31,11.49,0,41.2,0,11.2,0,0,0.032892770112964154,0.09631394432416274,0.14082019041752347,0.09916748951435378,3832597.42,73.96123854184758
grójecki,1406000,97662,14,104,19.3,58.5,22.2,35.6,77,55633,97979,56.78,97662,14,61.98,1.26,57.96,42.04,0,98.74,12.16,0,6.52,21.03,0,50.56,0.58,8.35,0.8,0,0.13456696570436824,0.32483072184604855,0.24127942506538905,0.2993228873841942,5903300,60.446232925805326
grudziądzki,406000,40263,4,100,19.9,61.7,18.4,15.9,55,22266,40305,55.24,40263,4,49.48,1.57,69.58,30.42,0,98.43,20.03,0,6.19,12.91,0,47.76,0,11.78,1.33,0,0.08304150552696489,0.23688297451201315,0.298121136453607,0.38195438350741495,36488.2,0.9062464297245609
gryficki,3205000,59609,32,102,17.3,60.5,22.2,35.4,58,34869,59844,58.27,59609,32,51.31,1.8,71.88,28.12,0,98.2,31.91,0,5.5,13.49,0,37.61,0,11.49,0,0,0.12487937088064391,0.3372482187955567,0.2612775393712913,0.27659487095250807,1439674.42,24.151963965173042
gryfiński,3206000,80955,32,102,17.3,60.5,22.1,23.9,43,47831,81289,58.84,80955,32,52,1.73,67.89,32.11,0,98.27,27.18,0,6.46,8.64,0,42.54,0,15.18,0,0,0.12385246266332478,0.3024307769884468,0.25461610334139145,0.31910065700683704,6389797.92,78.93024420974615
hajnowski,2005000,41612,20,107,14.4,56.2,29.4,36.7,25,19045,41991,45.35,41612,20,49.16,1.46,62.98,37.02,0,98.54,34.35,0.58,5.67,12.2,0,29.93,0.58,15.93,0.76,0,0.14449108871069102,0.33840275508408535,0.1757622985847515,0.3413438576204721,1653464.09,39.73527083533596
hrubieszowski,604000,61444,6,104,15.3,59.8,24.9,18.1,48,32500,62009,52.41,61444,6,48.92,1.43,70.73,29.27,0,98.57,7.66,0,4.58,12.58,0,62.38,0,12.02,0.78,0,0.11311648935215916,0.32890794596243206,0.20929690163081505,0.3486786630545937,5549191.58,90.31299362020702
iławski,2807000,92336,28,102,19.6,60,20.4,20.4,66,52243,92644,56.39,92336,28,53.46,1.82,69.66,30.34,0,98.18,24.76,0,6.68,13.03,0,43.91,0,9.41,2.21,0,0.11411583411747057,0.2870760544941292,0.27425711519317053,0.3245509961952297,1465472.34,15.871083217813204
inowrocławski,407000,157521,4,107,16.8,60.1,23.1,34.9,128,97552,158496,61.55,157521,4,57.47,1.78,68.31,31.69,0,98.22,30,0,5.82,11.45,0,37.66,0,13.49,1.58,0,0.12152711349191166,0.31481835767276745,0.274557319898816,0.2890972089365049,7470109.91,47.42294621034656
janowski,605000,44911,6,101,16.9,60.7,22.4,44.1,51,19411,45142,43,44911,6,60.21,1.19,48.68,51.32,0,98.81,6.03,0,5.33,6.62,0,77.19,0,4.29,0.54,0,0.12431776834445118,0.27558203918053104,0.23452949086402827,0.36557070161098953,7304320.25,162.6398933446149
jarociński,3006000,71140,30,105,19.8,59.3,20.9,18.6,121,43600,71425,61.04,71140,30,58.43,1.64,76.08,23.92,0,98.36,17.98,0,5.58,16.69,0,47.92,0,11.84,0,0,0.12181755712076962,0.323346504037107,0.3131592509878028,0.24167668785432056,3659485.09,51.44061132977228
jarosławski,1804000,119240,18,105,17.8,61,21.2,36.9,116,53136,119727,44.38,119240,18,57.72,1.36,71.98,28.02,0,98.64,15.93,0,6.12,8.38,0,65.63,0,3.94,0,0,0.14299470389985555,0.3355487638944129,0.24145402022147328,0.28000251198425824,8072054.08,67.69585776585039
jasielski,1805000,112352,18,103,16.9,61.5,21.6,32.4,135,47079,112863,41.71,112352,18,57.23,1.19,62.94,37.06,0,98.81,14.27,0,7.23,4.84,0,68.75,0,4.91,0,0,0.13552454346722018,0.32515953805727915,0.27089451719036367,0.26842140128513703,6968219.67,62.02132289589861
jaworski,205000,49457,2,104,16.6,59.2,24.2,26.1,84,26601,49734,53.49,49457,2,54.96,1.55,74.19,25.81,0,98.45,21.4,0,5.39,10.22,0,47.98,0,13.26,1.74,0,0.12070974954213544,0.3317793687415265,0.27300620792997643,0.27450467378636156,1781085,36.0127989971086
jędrzejowski,2602000,84435,26,102,17.5,58.5,24.1,28.6,67,50546,84908,59.53,84435,26,56.98,1.27,68.33,31.67,0,98.73,9.74,0,4.93,12.91,0,63.34,1.05,7.33,0.68,0,0.14194166780775025,0.30261536354922636,0.23877858414350267,0.3166643844995207,5271075.92,62.427617930952806
kaliski,3007000,82793,30,103,19.2,60.8,20,4.3,71,41422,82911,49.96,82793,30,57.21,1.61,66.07,33.93,0,98.39,13.57,0,5.62,15.03,0,55.25,0,10.53,0,0,0.11716706302021403,0.2647740784780024,0.273602853745541,0.34445600475624255,861378.95,10.404006981266532
kamiennogórski,207000,42516,2,104,15.6,59.6,24.8,26.9,107,24717,42824,57.72,42516,2,55.19,1.55,60.07,39.93,0,98.45,32.24,0,5.29,4.72,0,41.22,0,14.9,1.63,0,0.10607183032897083,0.3048810601695613,0.3175844376766263,0.2714626718248416,1004271,23.62101326559413
kamieński,3207000,46495,32,105,15.6,59.2,25.2,29.8,46,27567,46692,59.04,46495,32,53.58,1.62,69.58,30.42,0,98.38,33.22,0,5.11,11.98,0,36.18,0,13.52,0,0,0.12777474171806283,0.3389283576651833,0.24516615921097146,0.2881307414057824,3052927.22,65.6614091837832
karkonoski,206000,63004,2,107,15.6,59.7,24.7,32.4,100,34018,63333,53.71,63004,2,58.64,1.32,61.88,38.12,0,98.68,33.48,0,6.06,7.67,0,31.64,0,19.41,1.74,0,0,0,0,0,3288034.6,52.18771189130849
kartuski,2205000,143101,22,100,26.3,59,14.7,31.1,129,73804,141892,52.01,143101,22,65.6,1.21,58.46,41.54,0,98.79,32.04,0,7.42,8.14,0,45.37,0,7.03,0,0,0.1300242902520251,0.2775903190705956,0.2969895474978842,0.2953958431794951,6816819.95,47.63642427376468
kazimierski,2603000,33205,26,104,14.6,60.2,25.2,12,78,17377,33340,52.12,33205,26,48.51,1.26,58.72,41.28,0,98.74,11.36,0,4.9,17.89,0,59.06,0.59,5.6,0.6,0,0.0975169926480788,0.30604105978637813,0.23692606464142044,0.3595158829241226,10680427.24,321.6511742207499
kędzierzyńsko-kozielski,1603000,92493,16,108,15.1,60.2,24.7,40.4,147,47944,93001,51.55,92493,16,51.97,1.62,69.38,30.62,0,98.38,31.07,0,6.18,7.6,0,33.17,0,12.07,0,9.91,0.14554505899415937,0.32055453203193396,0.28794114956946676,0.2459592594044399,3670309.34,39.68202285578368
kępiński,3008000,56220,30,102,19.6,60.3,20.1,4.6,92,32678,56298,58.04,56220,30,60.96,1.54,68.67,31.33,0,98.46,33.41,0,5.5,9.61,0,43.26,0,8.22,0,0,0.10633652124546923,0.3001659461111839,0.35412026726057905,0.2393772653827678,767684.65,13.655009782995375
kętrzyński,2808000,61369,28,105,16.7,59.9,23.3,20.7,50,33489,61772,54.21,61369,28,48.77,1.83,71.11,28.89,0,98.17,20.86,0,6.3,17.31,0,39.47,0.6,15.46,0,0,0.12321516963027834,0.3309789437611849,0.21338004036096409,0.33242584624757265,4299802.2,70.06472649057342
kielecki,2604000,210689,26,101,19,62,19,27.7,94,105556,210992,50.03,210689,26,59.02,1.13,62.11,37.89,0,98.87,12.84,0,6.88,8.78,0,61.7,1.59,7.16,1.05,0,0.14156131231667138,0.27532268847838004,0.2505857481012125,0.33253025110373613,10052862.08,47.714223713625294
kluczborski,1604000,64714,16,105,15.5,61.4,23.1,31.7,76,33408,65026,51.38,64714,16,50.9,1.36,64.74,35.26,0,98.64,23.1,0,6.31,14.12,0,40.54,0,10.96,0,4.97,0.12772880329915628,0.3279293254133404,0.283398282320003,0.2609435889675003,2750203.76,42.49781747380783
kłobucki,2406000,83984,24,103,16.9,60.8,22.3,20.8,94,45665,84330,54.15,83984,24,58.62,1.47,72.34,27.66,0,98.53,14.35,0,6,19.17,0,47.3,0,11.22,1.95,0,0.12610942590720145,0.30422143579373107,0.30728288956297045,0.26238624873609706,2444754.89,29.109769598971234
kłodzki,208000,155075,2,108,15.2,58.4,26.4,43.1,94,82814,156283,52.99,155075,2,55.02,1.5,67.57,32.43,0,98.5,31.25,0,5.64,7.86,0,41.34,0,11.63,2.28,0,0.12008423819694412,0.3684898361537198,0.24037757830119635,0.27104834734813976,5628608.45,36.29604030307916
kolbuszowski,1806000,61836,18,101,17.6,63.5,18.9,26.6,80,19274,62039,31.07,61836,18,55.71,1.09,59.33,40.67,0,98.91,6.91,0,9.81,6.72,0,72.22,0.39,3.96,0,0,0.10107612949128424,0.28770900035574526,0.28286197082888653,0.32835289932408396,3283541.8,53.100811824826955
kolneński,2006000,37707,20,100,17.1,63.4,19.5,27.7,40,14413,37887,38.04,37707,20,50.37,1.63,71.43,28.57,0,98.37,6.49,0.28,5.61,13.01,0,68.39,0.31,5.51,0.4,0,0.10224278862392758,0.25964331554414644,0.19404850368168614,0.4440653921502398,2744047.54,72.77289468798897
kolski,3009000,85707,30,104,17.9,59.7,22.4,14.5,84,45090,86108,52.36,85707,30,55.89,1.69,66.67,33.33,0,98.31,15.12,0.42,5.77,9.43,0,58.17,0,11.09,0,0,0.10857103769067651,0.28504001641699156,0.26828100417265205,0.3381079417196799,4285739.04,50.004539185830794
kołobrzeski,3208000,78979,32,109,16.5,58.8,24.8,53.2,109,49288,79300,62.15,78979,32,61.32,1.57,63.52,36.48,0,98.43,33.71,0,5.41,7.29,0,36.34,0,17.26,0,0,0.17075812274368232,0.3563333856537435,0.23658766284727673,0.23632082875529745,1280703.86,16.2157517821193
konecki,2605000,78506,26,103,15.5,59,25.4,40.6,68,43353,79072,54.83,78506,26,55.82,1.27,60.39,39.61,0,98.73,12.21,0,5.15,8.04,0,60.56,1.1,12.28,0.66,0,0.12870379652569922,0.28344336717888496,0.25177939765420254,0.3360734386412133,7858422.75,100.09964525004459
koniński,3010000,129830,30,101,19.1,62.3,18.6,5.5,82,74720,129904,57.52,129830,30,55.75,1.78,70.08,29.92,0,98.22,14.25,0.51,5.4,10.02,0,59.12,0,10.69,0,0,0.10916516750133709,0.2657558224339962,0.29191423153595564,0.33316477852871107,6280342.78,48.3735868443349
koszaliński,3209000,66518,32,100,18,61.9,20.1,5.9,40,36278,66505,54.55,66518,32,55.05,2.15,70.92,29.08,0,97.85,28.28,0,7.08,11.86,0,37.18,0,15.59,0,0,0.12151535406755003,0.2791648645460622,0.2705540046396414,0.32876577674674634,5979717.65,89.89623335037133
kościański,3011000,78598,30,104,19.5,59.9,20.7,36.8,109,49769,78866,63.11,78598,30,59.86,2.17,61.77,38.23,0,97.83,26.25,0,6.3,15.91,0,38.63,0,12.91,0,0,0.12759790317607153,0.29688559975331485,0.3339808818994758,0.24153561517113784,2165927.98,27.557036820275325
kościerski,2206000,72951,22,100,22.2,59.4,18.4,49.2,62,40239,72923,55.18,72951,22,61.03,1.42,56.87,43.13,0,98.58,22.62,0,7.61,15.36,0,46.25,0,8.16,0,0,0.11516438862209087,0.30035094200221646,0.3138345031400074,0.2706501662356853,2559910,35.09081438225658
kozienicki,1407000,59363,14,102,17.3,58.7,23.9,37.8,65,30981,59592,51.99,59363,14,60.04,1.21,61.67,38.33,0,98.79,17.81,0,5.12,8.14,0,61.26,0.65,6.33,0.68,0,0.1366085394820694,0.3086341077187494,0.2442307320935442,0.31052662070563697,4980431.42,83.89790644003841
krakowski,1206000,282721,12,104,20.1,60.2,19.7,22,231,174304,281440,61.93,282721,12,65.44,1.01,54.62,45.38,0,98.99,22.69,0,7.81,8.4,0.26,50.85,0,8.67,1.32,0,0.16840827980014275,0.31908160837497024,0.2751272900309303,0.2373828217939567,5741873.37,20.309327464178466
krapkowicki,1605000,63017,16,107,15.5,61.7,22.8,29,142,31619,63196,50.03,63017,16,46.15,2.16,76.35,23.65,0,97.84,25.58,0,5.95,8.43,0,29,0,9.95,0,21.1,0.12178531304259013,0.2768665100602594,0.31996731692370545,0.281380859973445,2483825.82,39.41517082691972
krasnostawski,606000,62165,6,106,15.4,58.5,26.1,35,60,31020,62552,49.59,62165,6,51.89,1.34,58.81,41.19,0,98.66,14.52,0,6.02,9.78,0,61.29,0,7.35,1.04,0,0.12170873927058057,0.33921263264640905,0.20129658469450581,0.3377820433885046,6358826.84,102.2895011662511
kraśnicki,607000,94022,6,106,16.1,59.6,24.4,32.9,93,43427,94531,45.94,94022,6,56,1.38,61.19,38.81,0,98.62,12.77,0,4.97,12.88,0,62.46,0,6.07,0.85,0,0.1278899506781751,0.3365572338676531,0.2343172009864365,0.3012356144677353,6635089.68,70.56954414924166
krośnieński,802000,54362,8,104,17.2,60.2,22.5,28.9,39,32355,54598,59.26,54362,8,53.13,1.86,74.76,25.24,0,98.14,27.31,0,5.23,22.39,0,31.67,0,13.41,0,0,0.04146043774195239,0.11675115500677653,0.0949988393773072,0.08986214797564938,2538539.62,46.69695044332438
krośnieński,1807000,111574,18,103,18.8,60.3,20.9,29.3,112,43614,111905,38.97,111574,18,57.49,1.22,58.87,41.13,0,98.78,13.64,0,7.05,7.66,0,65.96,0,5.69,0,0,0.08885877093800777,0.2128806655235157,0.177919714861212,0.177268268575579,3299088.33,29.56861213185868
krotoszyński,3012000,76782,30,104,19.7,59.6,20.7,22.1,107,43107,76998,55.98,76782,30,57.38,1.7,61.26,38.74,0,98.3,19.46,0,6.4,18.43,0,44.94,0,10.76,0,0,0.1167166881044257,0.3031934321058231,0.3447826846426246,0.23530719514712656,4333514.67,56.43920020317262
kutnowski,1002000,94917,10,108,16.1,58.3,25.6,35.3,106,57751,95516,60.46,94917,10,56.32,1.32,62.74,37.26,0,98.68,17.9,0,5.26,7.95,0,52.26,0,14.97,1.66,0,0.13292668757987686,0.33494829789706054,0.23026606250726153,0.3018589520158011,3078111.67,32.429508623323535
kwidzyński,2207000,82795,22,102,19.9,60.7,19.4,17,99,42852,82963,51.65,82795,22,53.13,1.63,69.19,30.81,0,98.37,32.1,0,7.91,5.31,0,39.31,0,15.37,0,0,0.12617394206168858,0.3369193853390329,0.25336490330372324,0.2835417692955553,2602208.6,31.42953801558065
legionowski,1408000,120654,14,108,21.3,58.4,20.2,44.5,311,79679,119882,66.46,120654,14,72.04,0.85,59.93,40.07,0,99.15,34.2,0,5.63,6.92,0,37.64,0,13.71,1.91,0,0.25502941347777974,0.3967965519249811,0.16831498631254005,0.17985904828469917,6180623.05,51.22601032705091
legnicki,209000,55026,2,104,18.1,60,21.9,11.3,74,29638,55110,53.78,55026,2,57.62,1.46,68.26,31.74,0,98.54,19.79,0,6.03,10.77,0,48.2,0,11.9,3.32,0,0.12289306438242609,0.31392189370912776,0.27083908998802614,0.29234595192042,4234332.4,76.95148475266238
leski,1821000,26255,18,103,16.3,61.3,22.4,34.1,31,10715,26375,40.63,26255,18,58.38,1.14,61.21,38.79,0,98.86,19.02,0,6.15,11.81,0,53.85,0,9.17,0,0,0.12795793163891322,0.3277339565683124,0.23551465576005454,0.30879345603271985,4493395.69,171.14437973719293
leszczyński,3013000,58255,30,101,22,60.7,17.3,6.7,73,31365,57911,54.16,58255,30,59.38,2.13,65.7,34.3,0,97.87,24.2,0,7.36,12.93,0,40.82,0,14.69,0,0,0.11361307694140635,0.2693068363237782,0.3594967474444206,0.25758333929039484,8000,0.1373272680456613
leżajski,1808000,68729,18,102,17.8,61.6,20.6,30,117,26711,68996,38.71,68729,18,58.11,0.83,62.12,37.88,0,99.17,8.55,0,7.95,5.42,0,74.16,0.29,3.63,0,0,0.13367574112408703,0.29766043041831036,0.2800453071905636,0.288618521267039,3500028.2,50.92505638085816
lęborski,2208000,65969,22,104,19.5,59.6,21,12.4,93,36547,66083,55.3,65969,22,58.69,1.35,64.1,35.9,0,98.65,34.94,0,7.8,9.56,0,34.83,0,12.86,0,0,0.13388233461822996,0.3151695674181365,0.2720671261145505,0.27888097184908306,3691556.14,55.958952538313454
lidzbarski,2809000,40641,28,104,17.4,60.4,22.2,23.7,44,22042,40852,53.96,40641,28,50.96,1.92,74.13,25.87,0,98.08,36.72,0,6.02,6.68,0,39.13,0,9.18,2.27,0,0.12494898256661419,0.3206518570345752,0.24674946067284706,0.3076496997259635,1693445.76,41.66840776555695
limanowski,1207000,132171,12,100,23.1,60.6,16.3,30,139,54480,132148,41.23,132171,12,62.04,1.22,62.55,37.45,0,98.78,7.23,0,6.86,10.9,0,71.82,0,3.2,0,0,0.11149644889313452,0.2927586493333887,0.2938073680275782,0.3019375337458986,5407057.47,40.90956011530517
lipnowski,408000,65213,4,101,19,61.7,19.4,22.2,64,34493,65450,52.7,65213,4,49.08,2.4,74.01,25.99,0,97.6,12.54,0,4.91,23.29,0,47.62,0,10.75,0.89,0,0.09019833906793248,0.2443479670695898,0.2689917313685576,0.39646196249392013,8340096.14,127.89008541241776
lipski,1409000,33428,14,102,16.7,58.4,24.9,28,45,16440,33598,48.93,33428,14,52.46,1.43,60,40,0,98.57,9.66,0,6.72,13.02,0,62.34,0.55,6.94,0.76,0,0.11976721116328286,0.30454335030751933,0.2442298789762582,0.3314595595529396,4380621.74,131.04648019624267
lubaczowski,1809000,54444,18,102,16.6,61.9,21.4,31.6,41,25589,54711,46.77,54444,18,53.16,1.39,74.25,25.75,0,98.61,6.41,0,6.92,14.35,0,64.09,0,8.23,0,0,0.12608512244399547,0.2870495770520193,0.26498079527541574,0.32188450522856954,2004344,36.81478216148703
lubański,210000,53488,2,106,15.7,59.6,24.6,24.9,124,29989,53852,55.69,53488,2,54.45,1.39,64.05,35.95,0,98.61,25.52,0,6.14,7.88,0,39.76,0,18.11,2.6,0,0.11911265806053664,0.349054941181654,0.27970656915010794,0.25212583160770147,3431201.66,64.14899902781933
lubartowski,608000,87490,6,105,18.1,60,21.8,20.4,68,37831,87850,43.06,87490,6,58.15,1.14,58.67,41.33,0,98.86,10.94,0,9.08,10.7,0,61.81,0,5.99,1.49,0,0.12709168284923356,0.2986544367778099,0.228828382156482,0.34542549821647456,3668055.94,41.92543079209052
lubelski,609000,156748,6,104,19.7,60.7,19.6,16.9,94,79671,156493,50.91,156748,6,60.77,0.96,60.79,39.21,0,99.04,14.74,0,7.21,12.72,0,58,0,6.09,1.24,0,0.15450066036777405,0.3147753056317518,0.23235632767787598,0.2983677063225981,5023678.96,32.049397504274374
lubiński,211000,105637,2,108,17.8,57.3,24.9,71.4,148,59351,105896,56.05,105637,2,62.35,0.99,69.58,30.42,0,99.01,20.54,0,5.81,4.61,0,48.96,0,14.03,6.03,0,0.17693707899038852,0.35284228588654043,0.2553477640838947,0.21487287103917635,1774635.14,16.79937086437517
lubliniecki,2407000,75826,24,104,18.1,60.9,21,46.9,92,38011,76109,49.94,75826,24,55.16,1.6,62.55,37.45,0,98.4,24.04,0,6.23,7.9,0,49.32,0,8.25,4.26,0,0.13187920609435316,0.3109862330475182,0.3202780719434291,0.23685648891469954,2057712.69,27.13729710125814
lwówecki,212000,45359,2,106,16.2,59.9,23.9,16.2,63,24581,45599,53.91,45359,2,51.75,1.93,64.64,35.36,0,98.07,21.16,0,6.34,13.74,0,39.99,0,16.21,2.56,0,0.10808949207887956,0.32248271639582643,0.30324753182479147,0.2661802597005026,2560199.26,56.44302696267554
łańcucki,1810000,81107,18,103,20,59.8,20.2,32.7,179,35799,81226,44.07,81107,18,62.48,0.8,50.47,49.53,0,99.2,10.29,0,8.53,7.24,0,68.91,0.5,4.53,0,0,0.16510262537386652,0.34974917314174486,0.237090724945008,0.2480574765393806,4776619.92,58.89281960866509
łaski,1003000,49583,10,106,17.2,59.6,23.2,50.9,80,26773,49736,53.83,49583,10,61.15,1.19,67.46,32.54,0,98.81,21.27,0,6.62,9.43,0,50.15,0,10.72,1.81,0,0.13420941276035545,0.31661103013775915,0.251163665428558,0.29801589167332737,1329792.76,26.819530080874493
łęczycki,1004000,48979,10,106,16.7,58.9,24.4,47.1,63,28340,49286,57.5,48979,10,54.66,1.74,55.7,44.3,0,98.26,14.23,0,4.88,11.91,0,57.62,0,10.01,1.34,0,0.10981281905842315,0.2878956324446965,0.22091888825865003,0.3813726602382303,1276403.74,26.06022458604708
łęczyński,610000,57053,6,104,19.5,61.3,19.2,49.6,89,25118,57218,43.9,57053,6,57.24,1.13,66.43,33.57,0,98.87,17.27,0,7.72,8.08,0,60.12,0,5.41,1.41,0,0.14329024015245026,0.34623963273349356,0.23742393728751163,0.27304618982654455,2645306.97,46.365782167458335
łobeski,3218000,36251,32,101,17.4,59.7,23,14.5,34,20240,36486,55.47,36251,32,48.24,2.3,75.16,24.84,0,97.7,28.01,0,5.31,14.53,0,40.57,0,11.58,0,0,0.09359265475367756,0.27755290091157403,0.269358607299174,0.3594958370355744,1685744.52,46.502014289260984
łomżyński,2007000,50666,20,97,18.4,62.4,19.2,1.2,37,20118,50819,39.59,50666,20,54.1,1.28,59.22,40.78,0,98.72,8.83,0.23,5.87,9.38,0,71.53,0.26,3.29,0.62,0,0.09495037795032653,0.24085977271558595,0.23178382269758832,0.4324060266364992,2741829.68,54.11577152330952
łosicki,1410000,30347,14,101,18.5,58.3,23.3,48.8,39,13787,30556,45.12,30347,14,57.69,1.3,58.82,41.18,0,98.7,6.49,0.29,7.05,13.06,0,66.55,0,5.16,1.4,0,0.11787114431540795,0.2910348398550189,0.22860418670019972,0.3624898291293735,776586,25.590206610208586
łowicki,1005000,77167,10,107,17.7,58.6,23.7,63.6,78,46229,77614,59.56,77167,10,59.77,1.53,62.65,37.35,0,98.47,11.37,0,5.59,13.22,0,56.11,0,12.61,1.1,0,0.1336770419393438,0.31755129777081825,0.24064526612796006,0.30812639416187787,3040850.13,39.40609496287273
łódzki wschodni,1006000,72690,10,108,19,59.3,21.8,31.3,146,42617,72565,58.73,72690,10,67.93,0.97,58.51,41.49,0,99.03,26.99,0,7.74,7.67,0,44.59,0,13.02,0,0,0.1562577403488907,0.35097838009978416,0.21053748982697004,0.2822263897243551,1701704.44,23.410433897372403
łukowski,611000,105852,6,101,20.6,59.2,20.3,42.9,76,46038,106213,43.34,105852,6,59.59,1.29,63.81,36.19,0,98.71,8.89,0,6.01,10.51,0,68.02,0,4.87,1.7,0,0.12343592245124843,0.28975281051831514,0.250172998604667,0.33663826842576944,14584831.66,137.78513074859237
M.Biała Podlaska,661000,56760,6,109,18.1,59.1,22.8,107.1,1144,30822,56942,54.13,56760,6,61.67,0.64,54.55,45.45,0,99.36,32.31,0,6.69,5.76,0,48.13,0,6.12,0.98,0,0.24556465370180824,0.4087128966223132,0.18155066530194472,0.16417178437393382,0,0
M.Białystok,2061000,296401,20,113,18.3,59,22.7,124.3,2895,166107,296958,55.94,296401,20,65.72,0.62,49.89,50.11,0,99.38,30.29,0.33,8.43,5.22,0,40.3,0.52,13.99,0.91,0,0.29906578019111957,0.40079526262906984,0.13914958205955918,0.1609893751202514,0,0
M.Bielsko-Biała,2461000,168835,24,112,17.6,56,26.4,115.5,1352,105127,169756,61.93,168835,24,67.5,0.68,49.42,50.58,0,99.32,34.4,0,7.26,5.28,0,39.35,0,13.71,0,0,0.2306578735724626,0.3772754928631872,0.2384555671335958,0.1536110664307544,0,0
M.Bydgoszcz,461000,341692,4,113,15.9,57.2,26.9,136.4,1927,224402,344091,65.22,341692,4,66.77,0.65,57.47,42.53,0,99.35,34.74,0,7.46,5.52,0,31.94,0,19.23,1.11,0,0.2216118663299525,0.3495358591110367,0.2136691625235863,0.21518311203542453,0,0
M.Bytom,2462000,162250,24,110,15.9,59.1,25,66.5,2321,91590,163255,56.1,162250,24,56.45,1.17,59.36,40.64,0,98.83,29.2,0,6.89,5.8,0,39,0,15.6,3.51,0,0.1502293181330806,0.3500439267012085,0.28316465941241986,0.21656209575329105,0,0
M.Chełm,662000,60738,6,114,15.1,58.2,26.7,64.8,1707,33571,61135,54.91,60738,6,56.75,0.82,58.12,41.88,0,99.18,29.32,0,6.3,6.2,0,46.16,0,11.06,0.96,0,0.23922493869361672,0.40852344504718735,0.16457977260905104,0.18767184365014491,0,0
M.Chorzów,2463000,106272,24,111,17.4,58.9,23.7,97.2,3178,63584,106846,59.51,106272,24,60.41,1.12,53.26,46.74,0,98.88,41.97,0,7.76,4.49,0,33.28,0,12.5,0,0,0.15469690606187878,0.3482376506316028,0.2735437598940329,0.2235216834124856,0,0
M.Częstochowa,2464000,215905,24,114,15.3,56.4,28.3,97.8,1342,134088,217530,61.64,215905,24,65.85,0.69,51.34,48.66,0,99.31,28.45,0,6.05,4.19,0,37.37,0,21.06,2.89,0,0.23308373803669763,0.39574909068742,0.19596448092983562,0.17520269034604677,0,0
M.Dąbrowa Górnicza,2465000,117516,24,109,15.8,56.7,27.5,54.5,620,74957,118285,63.37,117516,24,63.89,0.81,54.19,45.81,0,99.19,28.35,0,6.14,4.28,0,35.59,0,25.64,0,0,0.1940563525068922,0.3971870473342367,0.22070931264894164,0.18804728750992944,0,0
M.Elbląg,2861000,117952,28,109,16.3,58.7,25,78.3,1471,71828,118582,60.57,117952,28,60.04,0.88,57.11,42.89,0,99.12,34.81,0,5.47,6.27,0,35.72,0,15.61,2.13,0,0.2046004965293611,0.3628818969448244,0.23406799412271367,0.19844961240310077,0,0
M.Gdańsk,2261000,470633,22,111,18.3,57.2,24.5,106.5,1797,337198,470805,71.62,470633,22,72.54,0.53,50.07,49.93,0,99.47,47.99,0,7.07,3.75,0,26.69,0,14.51,0,0,0.2921327743578858,0.3921646147314795,0.16283697728720017,0.15286563362343453,0,0
M.Gdynia,2262000,244104,22,112,16.5,56.8,26.7,77.7,1805,167833,244969,68.51,244104,22,72.5,0.62,43.67,56.33,0,99.38,45.63,0,7.38,5.63,0,25.85,0,15.51,0,0,0.291813645570871,0.40124005730942147,0.16557482337829157,0.14137147374141593,0,0
M.Gliwice,2466000,176009,24,109,16.9,57.1,26,94.8,1308,110467,177049,62.39,176009,24,65.73,0.86,51.49,48.51,0,99.14,39.25,0,7.51,4.86,0,31.7,0,13.61,3.07,0,0.23597533953755115,0.38850655613774404,0.20496076744610411,0.17055733687860067,0,0
M.Gorzów Wielkopolski,861000,121714,8,111,17.3,57.3,25.4,79.5,1401,77253,122589,63.02,121714,8,61.82,0.98,55.65,44.35,0,99.02,39.18,0,7.49,5.61,0,32.57,0,15.14,0,0,0.21942571437108452,0.37984920769299724,0.22064081750545303,0.18008426043046522,0,0
M.Grudziądz,462000,92894,4,111,17.5,57.3,25.2,71.2,1602,56924,93564,60.84,92894,4,57.49,1.11,62.5,37.5,0,98.89,30.9,0,6.32,7.94,0,34.31,0,19.52,1.01,0,0.13251812882127115,0.3284989809943599,0.2573937153419593,0.2815891748424096,0,0
M.Jastrzębie-Zdrój,2467000,87322,24,105,17,59.3,23.7,60.7,1015,46839,88038,53.2,87322,24,60.94,0.95,55.05,44.95,0,99.05,23.23,0,7.2,4.37,0,53.33,0,10.6,1.26,0,0.12186150647689109,0.30707926861773016,0.32782930859853937,0.24322991630683938,0,0
M.Jaworzno,2468000,89827,24,107,16.5,59.8,23.8,60.1,586,52785,90368,58.41,89827,24,61.9,0.97,60.42,39.58,0,99.03,31.81,0,7.06,6.09,0,40.72,0,14.32,0,0,0.16932194748916646,0.37341320418047413,0.24222533775172062,0.2150395105786388,0,0
M.Jelenia Góra,261000,77807,2,115,14.7,55.3,30,79,708,47399,78335,60.51,77807,2,62.9,0.85,49.7,50.3,0,99.15,34.81,0,5.23,5.39,0,31.11,0,21.93,1.52,0,0.20414363049988482,0.40596924671734624,0.21252303616678184,0.1773640866159871,0,0
M.Kalisz,3061000,98447,30,115,16.8,56.6,26.6,60.7,1410,58310,99106,58.84,98447,30,65.2,0.79,54.89,45.11,0,99.21,30.11,0,6.46,7.04,0,34.68,0,21.7,0,0,0.21558874223512672,0.3716034101819612,0.20789616759401713,0.20491167998889492,0,0
M.Katowice,2469000,289162,24,111,15.1,57.8,27.2,199.4,1743,193188,290553,66.49,289162,24,67.55,0.82,54.7,45.3,0,99.18,40.93,0,7.26,3.95,0,33.83,0,14.02,0,0,0.25187524224253893,0.37480145611515164,0.20509108319463762,0.1682322184476718,0,0
M.Kielce,2661000,192468,26,114,16,56.8,27.2,150.4,1746,118775,193415,61.41,192468,26,66.75,0.66,51.28,48.72,0,99.34,29.83,0,6.63,5.74,0,39.94,2.37,14.45,1.04,0,0,0,0,0,0,0
M.Konin,3062000,71935,30,112,15.2,57.3,27.5,78.9,868,45711,72539,63.02,71935,30,63.21,0.92,68.93,31.07,0,99.08,27.68,0.64,5.42,6.09,0,42.22,0,17.95,0,0,0.21923017705927636,0.3801847575057737,0.20719014626635873,0.19339491916859122,0,0
M.Koszalin,3261000,105801,32,113,16.5,55.8,27.6,73,1068,64856,106235,61.05,105801,32,65.27,1.01,63.38,36.62,0,98.99,38.39,0,5.96,7.75,0,29.59,0,18.32,0,0,0.2625703384169469,0.40273767874732513,0.16804229928784123,0.16664968354788673,0,0
M.Kraków,1261000,780796,12,114,17.8,58.3,23.9,173.4,2393,555503,779966,71.22,780796,12,71.21,0.56,44.11,55.89,0,99.44,35.3,0,8.31,6.25,0.29,33.22,0,15.11,1.52,0,0.3427985924840976,0.3911347168415834,0.14242620472929218,0.12364048594502679,0,0
M.Krosno,1861000,45715,18,113,16.3,57,26.6,106,1017,22253,45944,48.44,45715,18,60.77,0.64,55.56,44.44,0,99.36,27.83,0,7.8,5.03,0,47.94,0,11.39,0,0,0,0,0,0,0,0
M.Legnica,262000,97958,2,112,16.7,57.6,25.7,51.9,1729,57111,98436,58.02,97958,2,59.87,0.74,51.82,48.18,0,99.26,28.32,0,6.35,4.98,0,39.72,0,17.41,3.22,0,0.205726723909854,0.3811722827524833,0.21472208192029246,0.19837891141737019,0,0
M.Leszno,3063000,62429,30,110,18.2,57.1,24.7,61.9,1952,39297,62854,62.52,62429,30,65.45,0.98,53.4,46.6,0,99.02,36.14,0,7.41,6.46,0,28.11,0,21.87,0,0,0.21953074495189565,0.3836939574856448,0.23709928889226908,0.15967600867019052,0,0
M.Lublin,663000,337788,6,117,17.5,57.7,24.8,195.3,2281,206686,338586,61.04,337788,6,66.24,0.59,48.83,51.17,0,99.41,31.9,0,7.79,5.55,0,42.52,0,10.82,1.42,0,0.3352512616390646,0.40602032838154806,0.12257090056151823,0.13615750941786908,0,0
M.Łomża,2062000,62278,20,111,18,58.9,23.1,54,1898,30742,62573,49.13,62278,20,58.48,0.67,49.18,50.82,0,99.33,24.11,0.36,6.38,6.69,0,54.03,0.32,6.91,1.2,0,0.2283524418825616,0.3799539705664999,0.18073942695466735,0.2109541605962712,0,0
M.Łódź,1061000,667923,10,119,15.4,55.4,29.2,128,2265,449562,672185,66.88,667923,10,68.66,0.69,50.26,49.74,0,99.31,37.53,0,6.53,3.9,0,30.82,0,21.23,0,0,0.23875951303542964,0.4058916542397285,0.1574278809070808,0.1979209518177611,0,0
M.Mysłowice,2470000,74413,24,108,18.5,59.5,22.1,49.9,1129,45046,74559,60.42,74413,24,63.85,0.83,62.63,37.37,0,99.17,33.76,0,6.78,5.03,0,43.39,0,11.04,0,0,0.16565643538818675,0.3695834408047459,0.27696995099303584,0.18779017281403146,0,0
M.Nowy Sącz,1262000,83274,12,109,19.1,58.6,22.3,87.4,1443,42626,83558,51.01,83274,12,64.93,0.68,53.21,46.79,0,99.32,22.49,0,7.01,4.84,0,52.42,0,13.24,0,0,0.23466852502726943,0.42723609259483697,0.19923342625136348,0.13886195612653013,0,0
M.Olsztyn,2862000,170622,28,115,17.6,57.9,24.5,115,1922,108332,171249,63.26,170622,28,67.12,0.85,44.56,55.44,0,99.15,33.7,0,6.99,9.76,0,31.11,0.76,17.68,0,0,0.32014058898481007,0.4079729129980386,0.12466177039041361,0.1472247276267377,0,0
M.Opole,1661000,127561,16,113,16.5,57.3,26.2,136.7,854,81086,127839,63.43,127561,16,65.89,0.68,60.86,39.14,0,99.32,39.42,0,5.99,8.74,0,26.25,0,16.19,0,3.4,0.3184665369768697,0.3991729729179186,0.15165558192355091,0.13070490818166078,0,0
M.Ostrołęka,1461000,51380,14,110,18.5,57.4,24.1,84,1525,28144,51656,54.48,51380,14,60.43,1.06,44.14,55.86,0,98.94,20.3,0.38,7.44,9.61,0,50.4,0,10.6,1.26,0,0.2419052201106567,0.4026220832331008,0.15924945874428675,0.19622323791195573,0,0
M.Piekary Śląskie,2471000,54468,24,108,16.7,58.4,24.8,79.9,1356,33376,54702,61.01,54468,24,61.67,1.1,63.41,36.59,0,98.9,39.96,0,5.53,3.21,0,43.99,0,7.31,0,0,0.1366818049247948,0.3314653556101829,0.3153826923878172,0.2164701470772051,0,0
M.Piotrków Trybunalski,1062000,71655,10,114,17.3,57,25.7,62.6,1060,44271,72250,61.27,71655,10,63.81,0.95,58.09,41.91,0,99.05,23.24,0,6.38,6.1,0,43.85,0,20.42,0,0,0.21795360055857058,0.39658510266907865,0.1789488717509283,0.20651242502142245,0,0
M.Płock,1462000,117573,14,113,17.2,57.3,25.4,103.2,1329,74476,118268,62.97,117573,14,64.17,0.82,58.64,41.36,0,99.18,29.09,0,5.07,12.24,0,40.65,0,11.88,1.08,0,0.22442011181830493,0.39135439438200076,0.1966493199976785,0.18757617380201583,0,0
M.Poznań,3064000,530464,30,114,17.3,57.3,25.4,119,2021,403089,532048,75.76,530464,30,73.95,0.63,50.13,49.87,0,99.37,46.34,0,6.59,5.02,0,24.11,0,17.94,0,0,0.3230075719377179,0.3883473179308829,0.1649062019212122,0.12373890821018699,0,0
M.Przemyśl,1862000,59337,18,114,15.8,58,26.2,81,1272,32084,59779,53.67,59337,18,56.02,0.98,60,40,0,99.02,27.78,0,8.37,6.05,0,47.45,0,10.34,0,0,0,0,0,0,0,0
M.Radom,1463000,208091,14,111,17.3,57.7,25,78.1,1851,116695,209296,55.76,208091,14,64.88,0.61,44.92,55.08,0,99.39,28.23,0,6.16,5.9,0,47.75,0.92,10.14,0.91,0,0.2341414590747331,0.3605149021352313,0.1960131227758007,0.20933051601423489,0,0
M.Ruda Śląska,2472000,135695,24,107,18.1,58.9,22.9,66,1737,83930,136423,61.52,135695,24,60.16,1.02,51.47,48.53,0,98.98,32.87,0,7.61,4.83,0,44.26,0,10.44,0,0,0.13367609254498714,0.32861056091702134,0.31615323022461966,0.22156011631337183,0,0
M.Rybnik,2473000,136464,24,105,18.4,59,22.7,51.6,917,76367,137128,55.69,136464,24,62.49,0.85,55.1,44.9,0,99.15,30.43,0,7.29,5.28,0,45.53,0,9.91,1.58,0,0.1583761998196956,0.3156122394866628,0.32038500291668875,0.20562655777695285,0,0
M.Rzeszów,1863000,198476,18,110,19.2,59.2,21.6,190.2,1539,107007,196638,54.42,198476,18,65.68,0.55,50.91,49.09,0,99.45,26.78,0,9.9,7.35,0,42.96,0.72,12.28,0,0,0,0,0,0,0,0
M.Siedlce,1464000,77645,14,112,20.8,56.1,23.1,142.1,2428,40129,77813,51.57,77645,14,65.2,0.73,51.41,48.59,0,99.27,21.2,0.32,7.69,9.08,0,49.54,0,10.77,1.4,0,0.276134440235351,0.3868783751108245,0.1738373498831305,0.16314983477069397,0,0
M.Siemianowice Śląskie,2474000,65845,24,110,16.7,57.7,25.6,70,2576,40563,66270,61.21,65845,24,63.18,1.06,57.4,42.6,0,98.94,39.12,0,7.58,4.07,0,35.44,0,13.79,0,0,0.16021322911845873,0.34452614799197817,0.2841397987693046,0.21112082412025848,0,0
M.Skierniewice,1063000,47493,10,110,18.3,56.6,25.1,84.1,1359,30475,47655,63.95,47493,10,66.78,0.95,60.94,39.06,0,99.05,27.55,0,6.89,10.18,0,40.64,0,14.73,0,0,0.24534107546092956,0.4044020943447728,0.17377602421896324,0.1764808059753344,0,0
M.Słupsk,2263000,89180,22,113,16,57,27.1,69.8,2059,56840,89780,63.31,89180,22,62.29,0.87,55.65,44.35,0,99.13,36.03,0,6.08,5.97,0,33.24,0,18.69,0,0,0.22729500374010161,0.38423740617503677,0.20846552658051537,0.18000206350434625,0,0
M.Sopot,2264000,35049,22,115,13,54.2,32.8,105.1,2020,23719,35286,67.22,35049,22,74.32,0.49,43.12,56.88,0,99.51,50.11,0,5.6,3.54,0,25.08,0,15.66,0,0,0.3730028418061257,0.41256709820018944,0.10653615408904325,0.10789390590464161,0,0
M.Sosnowiec,2475000,195978,24,112,14.6,56.4,29,96,2139,127022,197586,64.29,195978,24,64.03,0.78,60.08,39.92,0,99.22,30.88,0,5.3,3.48,0,33.53,0,26.8,0,0,0.19341108414727004,0.4032725460013476,0.2217596371385217,0.18155673271286066,0,0
M.Suwałki,2063000,69575,20,109,18.7,60.9,20.4,47.8,1056,34886,69639,50.1,69575,20,56.92,0.76,49.34,50.66,0,99.24,25.21,0.54,7.1,10.31,0,45.58,0.67,9.67,0.92,0,0.20033106424134212,0.3847784845441357,0.16569951270319533,0.24919093851132687,0,0
M.Szczecin,3262000,396472,32,111,16.5,57.3,26.1,111.9,1316,259140,398255,65.07,396472,32,66.56,0.74,50.85,49.15,0,99.26,40.47,0,6.79,4.64,0,32.13,0,15.97,0,0,0.2828325721446516,0.37456719148102174,0.1736638614537615,0.16893637492056515,0,0
M.Świętochłowice,2476000,48817,24,110,17,58.2,24.8,63.1,3650,26888,49108,54.75,48817,24,56.73,1.2,57.71,42.29,0,98.8,36.38,0,7.6,4.91,0,40.02,0,11.1,0,0,0.1295017209914759,0.31296634248885397,0.310864191827023,0.2466677446926471,0,0
M.Świnoujście,3263000,40696,32,108,14.7,57.7,27.6,45.9,200,25526,40948,62.34,40696,32,61.97,0.7,43.57,56.43,0,99.3,33.44,0,5.32,4.36,0,30.18,0,26.7,0,0,0.17822507397966658,0.40221499516568515,0.215317453341537,0.20424247751311125,0,0
M.Tarnobrzeg,1864000,46057,18,109,15,59.1,25.9,67.3,537,26215,46360,56.55,46057,18,58.87,0.79,57.8,42.2,0,99.21,27.8,0,8.02,8.41,0,45.1,0.69,9.97,0,0,0,0,0,0,0,0
M.Tarnów,1263000,106748,12,112,15.5,57.7,26.8,118.4,1463,59100,107498,54.98,106748,12,61.65,0.73,53.81,46.19,0,99.27,23.17,0,7.1,14.34,0,44.75,0,10.64,0,0,0.2415301532182599,0.406676663246784,0.20111164977394952,0.15068153376100657,0,0
M.Toruń,463000,197812,4,115,17.3,57.6,25.1,83.5,1702,128904,198613,64.9,197812,4,66.62,0.62,53.14,46.86,0,99.38,38.66,0,7.67,4.82,0,31.55,0,16.39,0.9,0,0.23566598805569497,0.34839812094313766,0.19318982873062152,0.22274606227054583,0,0
M.Tychy,2477000,126184,24,108,17.6,56.9,25.5,73.5,1537,79952,126871,63.02,126184,24,66.84,0.87,55.81,44.19,0,99.13,35.45,0,7.7,4.67,0,40.63,0,11.54,0,0,0.1994723354357961,0.38401308759420894,0.2534019234224437,0.16311265354755128,0,0
M.Wałbrzych,265000,108944,2,112,14.6,56.9,28.5,52.7,1278,63361,109971,57.62,108944,2,56.11,1.3,63.9,36.1,0,98.7,42.15,0,4.24,3.59,0,33.89,0,13.09,3.04,0,0,0,0,0,0,0
M.Warszawa,1465000,1792718,14,117,18.8,56.7,24.4,152.4,3471,1363587,1794166,76,1792718,14,77.07,0.53,45.59,54.41,0,99.47,42.96,0,6.37,4.94,0,28.26,0,17.47,0,0,0,0,0,0,0,0
M.Włocławek,464000,107745,4,113,15.7,57.6,26.7,66.5,1257,62453,108561,57.53,107745,4,58.62,0.99,54.05,45.95,0,99.01,29.1,0,5.87,5.53,0,34.37,0,23.51,1.63,0,0.1704357473279645,0.34395213614256137,0.22245005101383813,0.263162065515636,0,0
M.Wrocław,264000,641201,2,114,17.5,57.6,24.8,136.9,2195,470328,641928,73.27,641201,2,71.17,0.56,51,49,0,99.44,37.07,0,8.01,5.07,0,28.92,0,18.33,2.61,0,0.32247726123099535,0.4025177281273562,0.13703770865743437,0.13796730198421409,0,0
M.Zabrze,2478000,169831,24,108,15.8,59.5,24.7,94.1,2101,91431,170924,53.49,169831,24,53.43,1.13,54.25,45.75,0,98.87,32.89,0,9.42,5.31,0,36.22,0,14.05,2.11,0,0.15334407229974267,0.3496928237205637,0.27098456796580267,0.22597853601389092,0,0
M.Zamość,664000,62368,6,113,16.6,57.8,25.6,130.3,2044,33492,62785,53.34,62368,6,56.99,0.73,58.02,41.98,0,99.27,20.87,0,6.01,10.88,0,49.11,0,11.84,1.28,0,0.24648686057017627,0.41555969934062553,0.16630461946596437,0.1716488206232338,0,0
M.Zielona Góra,862000,140708,8,111,18.3,57.3,24.4,77.6,505,92766,140892,65.84,140708,8,68.07,0.79,53.1,46.9,0,99.21,35.66,0,6.39,11.43,0,26.68,0,19.83,0,0,0.28532538643183436,0.4081483238293616,0.16352330965074194,0.14300298008806211,0,0
M.Żory,2479000,62815,24,105,19.5,57.6,22.8,46.3,972,34705,62844,55.22,62815,24,63.2,0.9,54.79,45.21,0,99.1,29.01,0,7.62,5.8,0,45.35,0,10.74,1.47,0,0.14182751540041066,0.3175564681724846,0.3474948665297741,0.1931211498973306,0,0
makowski,1411000,44246,14,100,18.8,59.3,21.8,32,41,24269,44438,54.61,44246,14,56.06,1.47,64.55,35.45,0,98.53,9.65,0.3,5.76,14.93,0,62.51,0,6.2,0.64,0,0.11630906936948796,0.33423719889430037,0.2213242069237857,0.32812952481242597,3175433.18,71.76768928264703
malborski,2209000,62953,22,105,18.2,59.6,22.1,42.6,127,37910,63204,59.98,62953,22,55.46,1.25,68.84,31.16,0,98.75,35.36,0,7.22,8.88,0,33.73,0,14.82,0,0,0.1425751654836909,0.34249142674854455,0.24880373235505224,0.2661296754127123,1794750.8,28.50937683668769
miechowski,1208000,48280,12,103,17,58.2,24.8,40.4,71,29011,48464,59.86,48280,12,55.94,1.12,61.6,38.4,0,98.88,11.94,0,5.69,11.05,0.24,61.59,0,7.9,1.59,0,0.13444597876291606,0.3311985143564592,0.2378696252559402,0.29648588162468453,995573.24,20.62082104391052
mielecki,1811000,136119,18,103,18.7,60.4,20.9,34.2,154,60003,136441,43.98,136119,18,59.72,1.06,61.52,38.48,0,98.94,13.66,0,6.45,10.54,0,62.6,0.64,6.11,0,0,0.14740419975227798,0.33173626247011495,0.28835610519544114,0.23250343258216594,5504386.87,40.43804957426958
międzychodzki,3014000,36517,30,101,19.2,59.3,21.5,35.8,49,22749,36633,62.1,36517,30,56.95,1.94,72.78,27.22,0,98.06,31.31,0,5.93,9.45,0,32.49,0,20.81,0,0,0.09824644071219414,0.30550974386590823,0.33432062199185486,0.2619231934300427,3239866.64,88.72214694525837
międzyrzecki,803000,56863,8,103,17.6,59.7,22.7,46.9,41,34825,57100,60.99,56863,8,55.69,1.84,72.22,27.78,0,98.16,27.96,0,7.09,14.43,0,34.4,0,16.12,0,0,0.1321146033782339,0.33487278169766943,0.2806072268548215,0.25240538806927515,3054745.99,53.72115417758472
mikołowski,2408000,99253,24,106,20,59.3,20.8,42.8,426,59303,99202,59.78,99253,24,65.74,0.97,57.11,42.89,0,99.03,31.57,0,7.85,6.37,0,42.33,0,10.07,1.8,0,0.17278812379879382,0.344940022532971,0.3062230764132812,0.17604877725495394,3006970.89,30.296020170674943
milicki,213000,36702,2,102,19.6,58.2,22.3,42.9,51,21241,36800,57.72,36702,2,55.69,1.34,63.89,36.11,0,98.66,18.21,0,5.57,15.18,0,46.22,0,11.1,3.73,0,0.1067678341575774,0.30628006232640065,0.3271797303705711,0.2597723731454509,815051.6,22.20728025720669
miński,1412000,154988,14,105,21.1,59,19.9,32.7,133,91479,154951,59.04,154988,14,66.18,1.05,54.92,45.08,0,98.95,24.67,0.39,7.23,8.14,0,50.21,0,8.12,1.23,0,0.1661213105199617,0.3547978851837975,0.22758419716081763,0.25149660713542316,6347626.91,40.95560243373681
mławski,1413000,71978,14,104,18.5,60.7,20.7,26.2,61,39558,72269,54.74,71978,14,54.71,1.66,66.28,33.72,0,98.34,13.9,0,6.09,14.15,0,56.5,0,7.64,1.71,0,0.11799574259046995,0.3192893401015228,0.25754052726379567,0.30517439004421154,1812005.65,25.174437328072464
mogileński,409000,45267,4,104,17.9,60.2,21.9,22.2,67,25225,45482,55.46,45267,4,54.36,2.05,77.59,22.41,0,97.95,20.57,0,5.63,20.53,0,40.86,0,11.36,1.06,0,0.09807940484323996,0.28626736506490547,0.31164756193223514,0.30400566815961944,1609206.46,35.54921819426956
moniecki,2008000,39825,20,101,15.8,62.1,22.1,23.7,29,15986,40070,39.9,39825,20,48.58,1.15,62.84,37.16,0,98.85,12.53,0.24,6.41,11.65,0,63.98,0.34,4.35,0.51,0,0.09553329635550915,0.2824235701001664,0.19609122646742144,0.425951907076903,1581826.16,39.719426490897675
mrągowski,2810000,49192,28,105,17.3,61.2,21.5,29.7,46,25143,49439,50.86,49192,28,52.69,1.68,69.14,30.86,0,98.32,29.78,0,6.48,12.82,0,38.56,0.6,11.77,0,0,0.12627657687336863,0.3159828691619574,0.23719621905172195,0.32054433491295203,1654288.42,33.62921653927468
myszkowski,2409000,70111,24,108,16.5,58.9,24.6,54.6,146,38614,70486,54.78,70111,24,58.28,1.31,73.56,26.44,0,98.69,19.09,0,6.43,7.15,0,48.75,0,15.49,3.09,0,0.15453430966502105,0.34841456545508764,0.24478976839733607,0.25226135648255527,6298059.01,89.82982713126329
myślenicki,1209000,128080,12,102,21.5,60.9,17.6,44.1,191,65803,127972,51.42,128080,12,63.97,1.13,63.14,36.86,0,98.87,17.83,0,8.02,6.6,0,62.33,0,5.22,0,0,0.1306266364840759,0.2987241944064844,0.30752860913197233,0.26312055997746736,3041432.42,23.746349312929418
myśliborski,3210000,65064,32,104,17.1,59.8,23.1,34.3,55,34951,65373,53.46,65064,32,51.32,1.57,71.25,28.75,0,98.43,35.87,0,6.72,7.65,0,38.44,0,11.33,0,0,0.1239062211556212,0.3094886468525014,0.26630976555288904,0.30029536643898835,2592798.04,39.84996372802164
nakielski,410000,85866,4,102,19.4,60.5,20.1,28,76,49696,86119,57.71,85866,4,54.84,1.81,65.05,34.95,0,98.19,25.18,0,7.31,11.24,0,40.14,0,14.35,1.77,0,0.10083741375472959,0.27296628088137104,0.31703483196082793,0.30916147340307143,2971353.69,34.604543008874295
namysłowski,1606000,42477,16,105,17.8,59.7,22.6,16.9,57,23264,42543,54.68,42477,16,55.33,1.68,68.47,31.53,0,98.32,21.31,0,5.59,16.5,0,44.23,0,11.46,0,0.91,0.12857142857142856,0.33546897546897547,0.27275613275613275,0.2632034632034632,4030064.32,94.87638769216281
nidzicki,2811000,32431,28,102,18,61.3,20.7,19,34,17204,32638,52.71,32431,28,49.1,1.73,65.9,34.1,0,98.27,20.47,0,6.26,9.75,0,51.74,0.68,11.09,0,0,0.11324883054172326,0.2942130677531311,0.20710728836577638,0.38543081333936924,5902413.4,181.9991181277173
niżański,1812000,65955,18,103,16.5,63.3,20.2,21.4,84,23606,66221,35.65,65955,18,53.57,1.1,56.78,43.22,0,98.9,7.74,0,8.37,6.05,0,70.42,0.59,6.83,0,0,0.11713455953533398,0.307337044207809,0.25766376250403356,0.3178646337528235,9753419.45,147.87990978697596
nowodworski,1414000,79022,14,105,19,59.5,21.4,48.6,114,48777,79265,61.54,79022,14,61.78,1.16,61.43,38.57,0,98.84,22.1,0,5.95,12.44,0,45.14,0,12.88,1.48,0,0.11256618349101641,0.23617741515493446,0.16694514365072477,0.17500650985157537,7364090.8,93.19038748702893
nowodworski,2210000,35314,22,101,17.8,61,21.2,13,52,20365,35438,57.47,35314,22,54.55,1.48,64.47,35.53,0,98.52,40.75,0,6.4,8.22,0,34.24,0,10.4,0,0,0.03300494748719729,0.09527167780574602,0.08736220814165437,0.09366591441715129,1465266.67,41.49251486662513
nowomiejski,2812000,43556,28,100,20.3,60.7,19,27.4,63,24335,43721,55.66,43556,28,53.86,2.26,76.64,23.36,0,97.74,14.78,0,4.22,21.32,0,49.08,0,9.09,1.51,0,0.0932666321660629,0.25277442355241214,0.3206831119544592,0.3332758323270657,2779545.84,63.815452291303146
nowosądecki,1210000,217149,12,101,22.4,61.3,16.3,21.1,140,93410,217071,43.03,217149,12,63.98,1.31,61.43,38.57,0,98.69,10.2,0,6.53,6.29,0,71.84,0,5.14,0,0,0.10420178718549972,0.3167374358324355,0.2984346283034413,0.2806261486786235,6416508.7,29.54887519629379
nowosolski,804000,85321,8,106,18.1,58.6,23.3,53.5,110,49167,85733,57.35,85321,8,56.58,1.74,58.55,41.45,0,98.26,29.82,0,7.48,11.26,0,37.49,0,13.94,0,0,0.12141691245955157,0.34527934480684974,0.27427622347584546,0.2590275192577532,3999241.5,46.87288592491883
nowotarski,1211000,191420,12,104,19.8,61.5,18.7,50.3,130,74489,191646,38.87,191420,12,54.52,1.31,61.93,38.07,0,98.69,14.15,0,7.73,6.18,0,66.69,0,5.25,0,0,0.10525805706106443,0.27046228855573035,0.26742062219969137,0.3568590321835139,5655579.41,29.545394472886848
nowotomyski,3015000,75457,30,104,21,59.6,19.3,32,74,46476,75576,61.5,75457,30,61.34,1.69,70.62,29.38,0,98.31,39.59,0,6.64,10.66,0,33.81,0,9.29,0,0,0.1130217816440758,0.2937150178703891,0.35978488097646505,0.23347831950907005,1429236.43,18.94107147116901
nyski,1607000,134166,16,106,15.3,60,24.7,33.1,109,73676,134864,54.63,134166,16,53.2,1.26,62.74,37.26,0,98.74,22.85,0,5.09,9.35,0,48.13,0,13.98,0,0.6,0.12954035775458672,0.34071444968303577,0.2774098991718317,0.25233529339054583,6208961.8,46.27820610288747
obornicki,3016000,59719,30,102,20.6,59.8,19.6,25.9,84,37433,59821,62.58,59719,30,59.8,1.58,75.06,24.94,0,98.42,27.34,0,6.51,20.12,0,32.98,0,13.05,0,0,0.11305223896593856,0.30406636513686736,0.3437439711903282,0.2391374247068659,1649666.16,27.62380749845108
olecki,2813000,33807,28,100,18.6,60.4,21,28.8,38,16851,33993,49.57,33807,28,47.36,1.72,66.98,33.02,0,98.28,18.86,0,6.53,15.43,0,47.28,0.71,11.19,0,0,0.120704230528908,0.33204689969493145,0.1866798985555188,0.36056897122064174,1698087.31,50.22886709852989
oleski,1608000,63579,16,105,16.2,60.9,22.9,29,65,29543,63788,46.31,63579,16,49.22,1.53,64.8,35.2,0,98.47,19.38,0,5.64,11.18,0,41.81,0,10.95,0,11.04,0.11488137463545361,0.28619847087569955,0.3152045400803973,0.2837156144084496,1522569.34,23.947676748611965
oleśnicki,214000,107182,2,105,18.8,59.8,21.4,30.2,102,60866,107268,56.74,107182,2,57.91,1.29,64.46,35.54,0,98.71,26.86,0,6.84,9.18,0,40.38,0,12.24,4.5,0,0.13391258994084945,0.3561953983475777,0.2589229620322187,0.2509690496793542,3342587.71,31.186091974398686
olkuski,1212000,109872,12,106,16.5,58.5,25,50.9,177,66390,110471,60.1,109872,12,63.87,0.98,64.7,35.3,0,99.02,20.48,0,6.82,10.81,0.19,51.11,0,9.76,0.83,0,0.16466276737616953,0.4002163161155506,0.20466024718841555,0.23046066931986434,3586441.11,32.64199350152905
olsztyński,2814000,127769,28,103,18.8,62.2,19,27.4,45,70885,127544,55.58,127769,28,54.01,1.69,61.55,38.45,0,98.31,26.88,0,7.61,16.36,0,35.01,0.71,13.43,0,0,0.15717827164789283,0.2981342147610142,0.23196190144826687,0.31272561214282607,4391663.75,34.37190359163804
oławski,215000,76670,2,106,18.8,58.7,22.5,31,146,45608,76733,59.44,76670,2,63.06,1.06,59.29,40.71,0,98.94,27.62,0,7.06,6.84,0,43.29,0,11.51,3.67,0,0.1520585451595457,0.3601608977825852,0.26206733369388857,0.22571322336398053,2350410.74,30.65619851310813
opatowski,2606000,51149,26,101,15.9,59.8,24.3,21.2,56,25973,51525,50.41,51149,26,52.13,1.84,61.5,38.5,0,98.16,7.24,0,4.49,14.72,0,64.41,1.25,6.86,1.02,0,0.11348098325110073,0.2836471447219948,0.2615881585060955,0.3412837135208089,8322326.66,162.70751451641283
opoczyński,1007000,75109,10,102,19,59.3,21.7,25.7,72,40670,75524,53.85,75109,10,63.58,1.46,64.59,35.41,0,98.54,6.88,0,4.64,18.42,0,64.39,0,5.66,0,0,0.12109534104082464,0.2943729047216217,0.2420183601215653,0.34251339411598836,2050887.09,27.305477239744906
opolski,612000,58353,6,105,16.9,59.5,23.6,36.8,72,29253,58706,49.83,58353,6,52.45,1.42,60.83,39.17,0,98.58,12.28,0,5.97,10.8,0,62.52,0,7.12,1.32,0,0.038358134720597924,0.1157129222621016,0.08274522455673401,0.11037625519216034,4235456.1,72.5833478998509
opolski,1609000,123399,16,107,16.2,61.8,22,18.5,80,60810,123532,49.23,123399,16,49.19,1.86,73.53,26.47,0,98.14,27.14,0,5.38,11.03,0,29.45,0,9.55,0,17.44,0.09560296272398543,0.1814265166485193,0.20926590582194082,0.16651207807396057,365813.4,2.9644762113145164
ostrołęcki,1415000,88381,14,97,20.1,62.5,17.4,6,42,38202,88497,43.17,88381,14,53.98,1.62,59.8,40.2,0,98.38,8.22,0.25,6.18,12.5,0,66.62,0,5.05,1.18,0,0.10429555783609441,0.2562674094707521,0.2382202023163759,0.4012168303767776,4505406.09,50.97708885393919
ostrowiecki,2607000,106910,26,109,14.6,57.9,27.5,40.6,172,57885,107711,53.74,106910,26,54.42,1.31,57.12,42.88,0,98.69,19.36,0,6,8,0,49.49,1.48,14.54,1.14,0,0.16552231743862048,0.3423269018453288,0.2526681036748857,0.23948267704116502,17710266.08,165.65584211018611
ostrowski,1416000,71524,14,103,18,59.7,22.4,35,58,35103,71790,48.9,71524,14,58.07,1.15,62.02,37.98,0,98.85,12.42,0.25,5.21,13.18,0,63.26,0,5.14,0.54,0,0.03826165666990933,0.09467874254144797,0.07712155814159154,0.10775169199236327,4676956.86,65.39003495330239
ostrowski,3017000,161006,30,105,18.8,59.5,21.7,26.8,139,88371,161357,54.77,161006,30,61.28,1.52,69.81,30.19,0,98.48,28.82,0,6.65,10.23,0,43.23,0,11.07,0,0,0.09408049773967507,0.23901180363004543,0.2081943931456752,0.1408996561392922,23059060.88,143.21864328037464
ostródzki,2815000,103001,28,103,18.6,60.1,21.4,24.7,58,55598,103492,53.72,103001,28,51.49,2.01,72.55,27.45,0,97.99,30.35,0,6.09,10.39,0,37.64,0,12.89,2.64,0,0.11794628564652873,0.3014288255172823,0.2336159364439438,0.3470089523922452,3310333.26,32.13884583644819
ostrzeszowski,3018000,55176,30,103,19.3,60.1,20.5,19,71,28936,55265,52.36,55176,30,58.08,1.63,71.43,28.57,0,98.37,19.75,0,6.18,20.41,0,44.45,0,9.22,0,0,0.11358453931772515,0.31205833878942496,0.3207730341137426,0.2535840877791073,1345178.87,24.379782332898365
oświęcimski,1213000,152053,12,106,17.8,59,23.2,36.2,374,91977,152687,60.24,152053,12,64.96,1.01,61.95,38.05,0,98.99,27.31,0,6.25,7.73,0,48.32,0,10.38,0,0,0.1504770371311098,0.3465226294985157,0.29639801247757686,0.20660232089279762,3782449.13,24.875859930418997
otwocki,1417000,124171,14,109,20.2,57.5,22.3,79.6,201,78907,124283,63.49,124171,14,70.27,1.06,54.63,45.37,0,98.94,22.25,0,6.95,10.33,0,47.17,0,11.52,1.78,0,0.21159249754009393,0.37193779734431587,0.19804019030036213,0.2184295148152281,31308173.62,252.13756529302333
pabianicki,1008000,118681,10,112,17.1,57.8,25.1,42.8,241,71378,118941,60.01,118681,10,66.46,0.99,58.67,41.33,0,99.01,30.48,0,6.71,5.98,0,39.13,0,15.53,2.17,0,0.16983455480744403,0.3530854634650142,0.20989493336511153,0.26718504836243023,3028478.41,25.51780327095323
pajęczański,1009000,50702,10,102,17,60.4,22.7,16.3,63,25574,50952,50.19,50702,10,59.98,1.56,65.73,34.27,0,98.44,10.7,0,5.41,12.49,0,62.33,0,8.28,0.79,0,0.10699362970066442,0.27029248578669773,0.27794141151220403,0.34477247300043384,1973700.21,38.92746262474853
parczewski,613000,34104,6,101,17.5,59.4,23.1,45.7,36,16272,34372,47.34,34104,6,54.38,1.45,66.07,33.93,0,98.55,11.82,0,6.64,14.17,0,59.41,0,6.4,1.57,0,0.12506771397616467,0.334100758396533,0.2080511917659805,0.3327803358613218,1343439.6,39.392434904996485
piaseczyński,1418000,191905,14,109,22.8,58.7,18.5,74.7,311,134837,190606,70.74,191905,14,72.79,0.83,50.3,49.7,0,99.17,34.64,0,6.24,7.3,0,35.17,0,14.96,1.69,0,0.29798321915172044,0.3726272034485413,0.14306058040181666,0.18632899699792163,3107379.24,16.19227867955499
pilski,3019000,134939,30,105,18.4,59.8,21.8,20.3,106,82039,135477,60.56,134939,30,60.73,1.37,66.55,33.45,0,98.63,29.4,0,6.66,12.44,0,36.26,0,15.24,0,0,0.16369925359548515,0.3447114509375569,0.2507281995266703,0.24086109594028765,5956566.53,44.14266098014659
pińczowski,2608000,38237,26,103,15.6,58.8,25.6,27.3,62,22134,38487,57.51,38237,26,52.85,1.05,67.57,32.43,0,98.95,12.53,0,5.03,12.46,0,60.14,1.08,7.89,0.86,0,0.13837622135500718,0.3150729145271559,0.22713535400956544,0.31941551010827146,2563781.12,67.04974553443
piotrkowski,1010000,90948,10,103,19.4,59.7,21,3.4,64,48540,91208,53.22,90948,10,60.72,1.27,67.02,32.98,0,98.73,9.59,0,6.51,10.05,0,64.74,0,9.1,0,0,0.10609665927270283,0.2800026887141225,0.2485178463399879,0.3653828056731868,8690531.78,95.55495206051809
piski,2816000,55496,28,101,18,61.5,20.5,19.9,31,27071,55833,48.49,55496,28,49.33,1.74,73.67,26.33,0,98.26,17.3,0,6.38,14.88,0,51.97,0.5,8.97,0,0,0.10675736961451247,0.29891156462585033,0.20448979591836736,0.3898412698412698,6775680.57,122.09313409975495
pleszewski,3020000,62615,30,102,19.2,60,20.8,37.3,88,36238,62763,57.74,62615,30,57.99,1.88,68.47,31.53,0,98.12,20.46,0,5.57,17.66,0,46.7,0,9.62,0,0,0.12511061729366188,0.2983618807889717,0.3241824152917347,0.25234508662563176,5768324.05,92.12367723388964
płocki,1419000,110504,14,102,18.6,61.8,19.7,8.2,61,59791,110742,53.99,110504,14,55.88,1.87,61.2,38.8,0,98.13,11.63,0,4.96,18.14,0,56.79,0,7.12,1.36,0,0.11013206056762681,0.27315510163212176,0.2678370770891047,0.34887576071114673,3818077.09,34.55148311373344
płoński,1420000,86374,14,104,18.5,59.8,21.7,38.1,62,46179,86671,53.28,86374,14,52.91,1.89,61.78,38.22,0,98.11,14.7,0,4.91,13.59,0,56.13,0,8.61,2.06,0,0.116421768707483,0.30202721088435375,0.23791836734693877,0.3436326530612245,3720993.45,43.080017713663835
poddębicki,1011000,40743,10,103,17.3,59.3,23.4,30.3,46,22875,40906,55.92,40743,10,58.14,1.57,63.64,36.36,0,98.43,13.53,0,4.96,15.55,0,55.95,0,9.01,1,0,0.1035611490490434,0.27580563237203004,0.24025057847508324,0.3803826401038433,1628051.37,39.959044989323324
policki,3211000,82193,32,105,20,61.6,18.4,38.6,124,50221,81584,61.56,82193,32,65.42,0.97,59.35,40.65,0,99.03,41.64,0,7.33,5.04,0,29.9,0,16.08,0,0,0.24741954526752652,0.322051483873276,0.22212482782061144,0.20840414303858606,1593840.84,19.391442580268393
polkowicki,216000,62882,2,102,19.3,61.1,19.6,15.7,80,32567,62997,51.7,62882,2,57.92,1.66,69,31,0,98.34,17.43,0,6.26,6.24,0,54.61,0,12.14,3.31,0,0.11709840420220097,0.3087539195909645,0.30168367652639355,0.272463999680441,1888868,30.03829394739353
poznański,3021000,409974,30,106,23.3,59.9,16.8,14.3,217,282195,406590,69.41,409974,30,71.98,1.04,61.86,38.14,0,98.96,43.99,0,6.64,7.9,0,27.09,0,14.38,0,0,0.23621792094167648,0.32625593917083334,0.2553890557236463,0.18213708416384386,17535391.14,42.77195905106178
proszowicki,1214000,42944,12,103,17.5,60.3,22.2,37.6,103,23977,43057,55.69,42944,12,55.3,1.45,57.5,42.5,0,98.55,8.05,0,5.63,18.44,0,62.56,0,5.33,0,0,0.09604914142119224,0.2773139745916515,0.3123830797152031,0.3142538042719531,2984018.37,69.48626979321908
prudnicki,1610000,54457,16,108,16.4,60.1,23.4,18.3,95,26488,54765,48.37,54457,16,49.95,1.84,76.31,23.69,0,98.16,19.62,0,5.47,9.13,0,45.12,0,9.58,0,11.07,0.1255827249538218,0.30996569619139763,0.29054886093763743,0.2739027179171431,3227488.3,59.266729713351815
pruszkowski,1421000,167112,14,110,20.6,57.4,22,50.1,680,119520,166679,71.71,167112,14,74.27,0.72,58.53,41.47,0,99.28,30.84,0,6.4,9.56,0,35.79,0,14.02,3.39,0,0.27785941806801123,0.40639918659792995,0.14703989959568198,0.16870149573837684,16804016.18,100.55541301642012
przasnyski,1422000,51859,14,100,19.9,59.6,20.6,28.4,42,26522,52101,50.9,51859,14,54.55,1.24,60.57,39.43,0,98.76,8.25,0,5.02,20.05,0,59.73,0,5.71,1.23,0,0.12128040140305234,0.3011916653116216,0.2289716369718228,0.3485562963135032,2579964.76,49.749604890182994
przemyski,1813000,73646,18,100,17.9,62.8,19.3,11.8,61,32027,73919,43.33,73646,18,53.26,1.76,71.63,28.37,0,98.24,11.87,0,7.18,10.91,0,65.56,0,4.48,0,0,0.10816944024205749,0.29762068491266674,0.26585063952688764,0.3283592353183881,23556.8,0.31986530157781823
przeworski,1814000,77697,18,103,18.4,61.2,20.4,21.8,111,33473,77979,42.93,77697,18,56.85,1.43,65.76,34.24,0,98.57,10.73,0,6.07,9.43,0,69.41,0,4.36,0,0,0.13144653089731584,0.31273512277972665,0.26836933919586026,0.28744900712709726,5679819.49,73.1021724133493
przysuski,1423000,40919,14,101,17.7,60,22.3,24.8,51,22626,41126,55.02,40919,14,60.98,1.4,59.86,40.14,0,98.6,8.36,0,5.31,10.87,0,70.36,0.86,3.85,0.39,0,0.10414800716524854,0.2830832960143305,0.23729287953425884,0.37547581728616214,3195181.95,78.085533615191
pszczyński,2410000,111748,24,105,20.8,60.9,18.3,35.3,237,62030,111814,55.48,111748,24,66.23,0.99,57.27,42.73,0,99.01,23.94,0,7.49,6.65,0,53.21,0,8.71,0,0,0.15001046584645442,0.30975416889550433,0.3447217247714957,0.19551364048654557,5145709.06,46.04743762751906
pucki,2211000,88012,22,102,21.5,60.7,17.8,28.4,152,52705,87568,60.19,88012,22,63.78,1.18,56.54,43.46,0,98.82,37.38,0,7.16,8.06,0,36.89,0,10.5,0,0,0.13311174933040756,0.3151602181419213,0.27240311078124496,0.27932492174642615,6573110.79,74.68425657864837
puławski,614000,111800,6,109,16.6,57.8,25.6,73.2,119,63368,112384,56.39,111800,6,60.83,1.04,52.4,47.6,0,98.96,20.41,0,7.86,8.05,0,53.91,0,8.34,1.42,0,0.17731290204487213,0.35075571361330476,0.23022854453218974,0.2417028398096334,3107082.4,27.791434704830053
pułtuski,1424000,51587,14,103,19.3,60,20.6,34,62,28782,51741,55.63,51587,14,59.02,1.42,63.27,36.73,0,98.58,9.22,0.33,5.32,21.6,0,56.44,0,6.44,0.65,0,0.14649620069955374,0.31086720540344953,0.24701483536364732,0.29562175853334943,2717537.07,52.67871886327951
pyrzycki,3212000,38963,32,100,17.3,60.1,22.6,24.2,53,21405,39202,54.6,38963,32,51.56,2.23,73.86,26.14,0,97.77,21.23,0,5.69,12.24,0,48.46,0,12.38,0,0,0.11295198935784255,0.3052364252025638,0.24449752086104728,0.3373140645785464,2908766.98,74.65459487205811
raciborski,2411000,106970,24,109,16.1,61.2,22.7,32.6,196,52848,107410,49.2,106970,24,50.02,1.19,67.47,32.53,0,98.81,30.26,0,6.3,6.53,0,45.8,0,9.76,1.35,0,0.14438133530330738,0.29179029464837175,0.3178399719036489,0.245988398144672,2353829.83,22.00457913433673
radomski,1425000,151913,14,101,20,61,18.9,17.2,99,71180,152190,46.77,151913,14,59.66,1.3,60.58,39.42,0,98.7,11.99,0,5.87,8.53,0,66.02,0.75,6.07,0.76,0,0.13240576777131294,0.2901678050425837,0.25346150602917616,0.3239649211569272,43911388.02,289.05615727422935
radomszczański,1012000,111129,10,104,16.6,59.5,23.9,42.4,77,60487,111696,54.15,111129,10,57.85,1.48,67.44,32.56,0,98.52,22.4,0,5.81,6.35,0,55.62,0,9.81,0,0,0.1318888123322467,0.3045731738669903,0.2504087781902695,0.3131292356104935,2394431.16,21.546411467753693
radziejowski,411000,39763,4,102,16.8,60.5,22.6,38,65,24759,40025,61.86,39763,4,51.21,2.05,71.84,28.16,0,97.95,15.08,0,4.53,12.28,0,55.69,0,11.24,1.18,0,0.09329000722101873,0.27326001222018553,0.2664278175859579,0.36702216297283785,3836656.17,96.48809622010411
radzyński,615000,57990,6,100,18.7,60,21.2,68.4,60,24961,58298,42.82,57990,6,56.55,1.67,66.67,33.33,0,98.33,8.47,0,5.55,13.95,0,64.29,0,5.4,2.33,0,0.11426887032180684,0.2921672663698644,0.2559004695980972,0.3376633937102316,2330692.64,40.19128539403346
rawicki,3022000,59956,30,103,20.2,59.2,20.6,23.6,108,36323,60188,60.35,59956,30,55.48,2.03,70.49,29.51,0,97.97,22.73,0,6.32,12.38,0,40.71,0,17.86,0,0,0.11068084496076383,0.3106931382793452,0.34529883008584833,0.23332718667404265,954864.65,15.926089965975049
rawski,1013000,48166,10,103,18.7,58.5,22.8,44.6,74,25173,48385,52.03,48166,10,58.52,1.56,69.21,30.79,0,98.44,10.01,0,6.39,17.88,0,58,0,7.72,0,0,0.1231152136091243,0.31512178619756426,0.24248501836458536,0.3192779818287261,4638919.68,96.3110841672549
ropczycko-sędziszowski,1815000,74544,18,102,20.4,61,18.6,18.2,136,26353,74573,35.34,74544,18,61.39,1.18,58.43,41.57,0,98.82,7.08,0,7.27,9.29,0,72.02,0.37,3.98,0,0,0.12025247971145175,0.3272137060414788,0.247321911632101,0.30521190261496844,3743623.67,50.22032182335265
rybnicki,2412000,78054,24,103,19.9,60.1,20.1,10,349,42571,78166,54.46,78054,24,61.34,1.09,59.95,40.05,0,98.91,26.21,0,6.92,5.12,0,53.42,0,6.73,1.61,0,0.11274685816876122,0.2857189489146401,0.37579565856047004,0.22573853435612862,8649,0.11080790222153894
rycki,616000,55238,6,101,18.1,58.3,23.6,63,89,29809,55530,53.68,55238,6,59.52,1.09,68.15,31.85,0,98.91,10.68,0,5.13,13.9,0,60.54,0,8.55,1.2,0,0.14104127482793544,0.38354380670896804,0.2177004319699068,0.25771448649318973,2732905.75,49.475103189833085
rypiński,412000,43190,4,103,18.7,59.9,21.4,25.1,73,24651,43390,56.81,43190,4,50.43,1.32,68.42,31.58,0,98.68,15.95,0,5.72,16.04,0,49.81,0,11.45,1.02,0,0.09384289884571091,0.2568627976110769,0.23361632609336083,0.41567797744985135,1582578.98,36.64225468858532
rzeszowski,1816000,169800,18,102,20.3,61.3,18.4,21.7,149,71595,170550,41.98,169800,18,63.09,0.92,57.89,42.11,0,99.08,10.86,0,8.56,7.33,0,67.59,0.54,5.12,0,0,0.14284254944640457,0.3177142677531648,0.25973801460014617,0.27970516820028446,12653524.88,74.52017008244995
sandomierski,2609000,75900,26,105,15.8,59.6,24.6,41.1,112,42273,76346,55.37,75900,26,53.41,1.28,66.74,33.26,0,98.72,13.09,0,5.94,17.43,0,53.66,0.85,8.25,0.78,0,0.15869712734675412,0.3455326849129156,0.22177486239915556,0.2739953253411747,3632344.93,47.856981949934124
sanocki,1817000,93293,18,104,17.2,60.3,22.5,39.2,80,38460,93818,40.99,93293,18,55,1.2,72.23,27.77,0,98.8,22.92,0,5.86,5.94,0,59.4,0,5.88,0,0,0.15769020251778873,0.3465654077723043,0.24864532019704433,0.24709906951286262,3876461,41.5514668839034
sejneński,2009000,19550,20,101,16,60.7,23.3,33,23,9338,19689,47.43,19550,20,47.94,1.22,58.33,41.67,0,98.78,20.21,0.85,5.46,16.25,0,46.64,0.59,9.29,0.71,0,0.13439716312056738,0.3186761229314421,0.14793144208037826,0.3989952718676123,1089767.74,55.74259539641944
sępoleński,413000,40685,4,101,19,60.3,20.7,34.5,51,23727,40826,58.12,40685,4,51.72,1.86,72.19,27.81,0,98.14,26,0,6.14,10.95,0,42.32,0,12.54,2.04,0,0.08663409527133135,0.2607747339033328,0.2875298086430524,0.36506136218228347,2294596.4,56.39907582647167
siedlecki,1426000,81253,14,99,20.3,60.2,19.5,4.5,51,33428,81385,41.07,81253,14,61.31,1.33,56.95,43.05,0,98.67,6.41,0.21,6.72,12.2,0,69.3,0,4.35,0.81,0,0.10831857875941542,0.2631065630345407,0.2719443027338475,0.35663055547219635,13800,0.16983988283509532
siemiatycki,2010000,43295,20,104,14.3,60.6,25.1,19.9,29,17733,43618,40.66,43295,20,49.53,1.12,67.98,32.02,0,98.88,19.4,0.2,5.6,12.28,0,53.62,0.36,7.93,0.6,0,0.10791536666579271,0.2882200256941349,0.1816155842793844,0.422249023360688,2506184.26,57.88622843284443
sieradzki,1014000,116492,10,105,17.7,59.6,22.7,54.2,78,63499,116918,54.31,116492,10,59.7,1.29,65.61,34.39,0,98.71,18.24,0,6.19,10.47,0,54.45,0,9.69,0.96,0,0.13884396102058147,0.3099450082891917,0.2340584691278153,0.31715256156241156,2725401.17,23.39560802458538
sierpecki,1427000,51250,14,103,18.1,61.1,20.8,24.6,60,27204,51534,52.79,51250,14,52.88,1.56,67.06,32.94,0,98.44,12.02,0,4.37,15.89,0,58.34,0,8.17,1.21,0,0.11523842039376352,0.3042221463525663,0.2415158757255036,0.3390235575281666,9533964.37,186.02857307317072
skarżyski,2610000,72482,26,107,14.5,57.6,27.9,47.6,182,40756,73163,55.71,72482,26,57.86,1,68.86,31.14,0,99,25.68,0,6.09,5.36,0,48.23,1.55,11.99,1.1,0,0.17324923276221027,0.38878521968446866,0.22933855620498744,0.20862699134833368,4860425.66,67.05700256615435
skierniewicki,1015000,38061,10,101,19.4,59.3,21.2,4.5,50,19712,38173,51.64,38061,10,61.26,1.65,74.51,25.49,0,98.35,9.54,0,6.56,11.82,0,65.43,0,6.65,0,0,0.09946736424091525,0.2880960635380882,0.28362066248542345,0.3288159097355731,34788.15,0.9140104043509104
sławieński,3213000,55469,32,104,17.8,59.8,22.4,23.7,53,31183,55777,55.91,55469,32,53.54,2.13,75.45,24.55,0,97.87,27.67,0,5.85,10.72,0,39.8,0,15.95,0,0,0.11415475281021499,0.3064935064935065,0.2629706428025756,0.31638109789370295,3136399.88,56.54329228938686
słubicki,805000,46771,8,105,18.5,61.5,20,24.9,47,30262,46944,64.46,46771,8,53.98,1.81,74.72,25.28,0,98.19,34.39,0,7.15,9.65,0,32.29,0,16.51,0,0,0.1301431841166764,0.3408207803268217,0.24934795337201257,0.27968808218448926,1197793.5,25.609747493104702
słupecki,3023000,58778,30,101,18.4,60.3,21.3,7.3,70,35926,58959,60.93,58778,30,56.13,1.68,69.66,30.34,0,98.32,16.28,0.58,5.93,13.69,0,50.24,0,13.27,0,0,0.11569736244685681,0.2936186898914434,0.29749865852148427,0.29318528914021547,3403676.67,57.907323658511686
słupski,2212000,98823,22,101,19.3,60.8,19.9,9.2,43,54084,98832,54.72,98823,22,52.68,1.45,60.39,39.61,0,98.55,31.2,0,6.16,9.27,0,37.29,0,16.09,0,0,0.11713022926653403,0.2783645564887637,0.2817695050139536,0.3227357092307487,5066224.1,51.2656375540107
sochaczewski,1428000,84621,14,106,19.3,58.9,21.7,38.8,115,49553,84804,58.43,84621,14,62.1,1.27,65.64,34.36,0,98.73,14.11,0,5.88,20.01,0,50.55,0,7.55,1.9,0,0.14914788812139054,0.34044842033744765,0.24605084361906918,0.2643528479220926,6402254.54,75.65798726084542
sokołowski,1429000,53008,14,101,17.7,58.3,24,29.8,47,28576,53294,53.62,53008,14,62.05,1.42,49.87,50.13,0,98.58,9.27,0.3,5.7,15.21,0,63.21,0,5.15,1.15,0,0.12389025112031792,0.3001395112877315,0.25014796651729093,0.32582227107465966,2043050.96,38.54231361303954
sokólski,2011000,65367,20,102,15.6,61,23.4,24.6,32,32305,65883,49.03,65367,20,51.57,1.1,58.96,41.04,0,98.9,11.79,0.31,7.4,13.46,0,60.48,0.27,5.9,0.39,0,0.11850293315264876,0.32952944742613627,0.18071429845051085,0.3712533209707041,2799919.85,42.833843529609744
stalowowolski,1818000,104865,18,107,16.1,59.7,24.2,36.8,125,43931,105431,41.67,104865,18,56.66,0.93,53.42,46.58,0,99.07,15.46,0,8.58,5.9,0,61.12,1.24,7.69,0,0,0.1665703275529865,0.3477962427745665,0.23451348747591522,0.2511199421965318,8339610.92,79.52711505268678
starachowicki,2611000,87968,26,107,15.9,58.1,26,44.9,167,47051,88549,53.14,87968,26,58.25,1.07,66.29,33.71,0,98.93,20.95,0,6.9,5.8,0,53.78,1.57,9.74,1.26,0,0.15511923276308967,0.34699326075686887,0.24270347330222913,0.25518403317781235,3570916.18,40.593354174245185
stargardzki,3214000,119946,32,104,18.1,59.4,22.5,31.8,79,69518,120132,57.87,119946,32,57.11,1.5,69.2,30.8,0,98.5,32.55,0,7.05,8.53,0,37.84,0,14.02,0,0,0.16295648595823475,0.33810307581524535,0.23031581113054211,0.2686246270959778,3723906.01,31.04652101779134
starogardzki,2213000,127906,22,103,20.6,60.4,19,25.7,95,68220,128210,53.21,127906,22,56.47,1.5,65.52,34.48,0,98.5,24.03,0,7.02,11.14,0,47.83,0,9.99,0,0,0.12259907986218564,0.3031193909760475,0.30653380371768685,0.26774772544408,19569631.32,153.00010413897706
staszowski,2612000,70928,26,102,17.1,59.7,23.3,41.7,76,38547,71250,54.1,70928,26,55.19,1.18,72.89,27.11,0,98.82,8.6,0,5.28,11.84,0,65.25,0.84,7.33,0.87,0,0.1439841884213127,0.28785308408136373,0.2664909824590299,0.3016717450382937,2608237.24,36.77302673133319
strzelecki,1611000,73770,16,105,16.3,61.6,22.1,40.2,99,36912,73923,49.93,73770,16,46.67,2.06,69.59,30.41,0,97.94,25.72,0,5.28,6.77,0,32.57,0,8.4,0,21.26,0.11773325094889223,0.27730602877570837,0.33005560949774915,0.2749051107776503,1477489.14,20.028319642130946
strzelecko-drezdenecki,806000,48348,8,103,18.4,59.5,22.1,20,39,28742,48621,59.11,48348,8,51.21,1.71,75.96,24.04,0,98.29,26.75,0,5.83,15.53,0,39.23,0,12.66,0,0,0.11677277118581089,0.28888503554707823,0.28670514503703337,0.30763704823007754,2039908.83,42.19220712335567
strzeliński,217000,43048,2,102,17.4,59.9,22.8,37.9,69,24494,43221,56.67,43048,2,56.71,1.46,65.65,34.35,0,98.54,26.46,0,5.51,9.9,0,48.02,0,7.81,2.3,0,0.1152518222173508,0.3500849454704883,0.25842604263714586,0.2762371896750151,2191017.56,50.89708139750976
strzyżowski,1819000,60880,18,101,17.9,61.9,20.1,24.4,120,22912,61161,37.46,60880,18,57.04,0.97,65.2,34.8,0,99.03,8.87,0,8.85,7.09,0,69.98,0.51,4.71,0,0,0.11455817439826768,0.30534271674856334,0.27871241775630884,0.30138669109686017,3411159.6,56.03087385019711
sulęciński,807000,34791,8,101,18.6,60.4,21,32,29,21044,35000,60.13,34791,8,51.64,2.15,70.96,29.04,0,97.85,27.21,0,7.68,10.96,0,40.27,0,13.88,0,0,0.1108396189666773,0.3455150678140161,0.25702043273487024,0.2866248804844364,1867879.76,53.688590727487
suski,1215000,83561,12,102,19.6,60.8,19.6,40.5,122,45576,83761,54.41,83561,12,59.54,1.27,61.88,38.12,0,98.73,15.39,0,7.66,8.14,0,62.83,0,5.98,0,0,0.1086148546564332,0.2942376261557986,0.2842660300960899,0.31288148909167823,2519494.81,30.151563648113356
suwalski,2012000,35430,20,96,19,61.4,19.6,3.4,27,15322,35577,43.07,35430,20,53,1.2,50,50,0,98.8,11.79,0.39,6.6,16.26,0,58.17,0.57,5.66,0.56,0,0.10766397506728999,0.26459130188411956,0.19344099730840061,0.43430372574018983,2130538.13,60.133732147897256
szamotulski,3024000,91686,30,104,20.4,59.5,20.1,21.9,82,62590,91745,68.22,91686,30,61.09,1.87,71.24,28.76,0,98.13,35.2,0,6.04,11.92,0,33.14,0,13.7,0,0,0.12216778934476424,0.3201024327784891,0.31790346824027166,0.23982630963647497,1946028.97,21.224930414676177
szczecinecki,3215000,76960,32,106,17.2,59.4,23.4,31.6,43,43260,77258,55.99,76960,32,52.63,1.91,69.95,30.05,0,98.09,32.52,0,6.79,8.37,0,41.49,0,10.82,0,0,0.1361165574737379,0.34882757081599797,0.22587792708781662,0.2891779446224475,10467088.01,136.00686083679832
szczycieński,2817000,68775,28,102,18.1,61.6,20.3,23.2,35,35950,69089,52.03,68775,28,51.47,1.93,68.73,31.27,0,98.07,20.05,0,6.45,16.39,0,45.33,0.83,10.96,0,0,0.13204225352112675,0.29295415349238285,0.21259701063524,0.36240658235125034,8923359.71,129.7471422755362
sztumski,2216000,40882,22,101,18.7,61.1,20.2,39.4,56,23563,41104,57.33,40882,22,47.22,2.37,76.96,23.04,0,97.63,33.83,0,5.77,9.47,0,39.52,0,11.41,0,0,0.10308481701285856,0.2949431256181998,0.27200791295746785,0.3299641444114738,826645.6,20.220282765031065
szydłowiecki,1430000,39168,14,101,18,61,21,21.4,86,18221,39340,46.32,39168,14,56.24,1.44,60.94,39.06,0,98.56,13.11,0,5.5,7.18,0,67.17,0.73,5.56,0.75,0,0.12895190060278017,0.28066182802312706,0.266976257842293,0.3234100135317997,4118612.76,105.15249080882353
średzki,218000,55849,2,102,19.6,61.1,19.3,9,80,31537,55508,56.82,55849,2,58.18,1.21,64,36,0,98.79,25.89,0,7.08,7.74,0,44.27,0,11.78,3.24,0,0.05912158298067025,0.14815280796065425,0.13449616836326203,0.1303900263067597,3661144.62,65.55434510913356
średzki,3025000,59194,30,103,21.1,59.6,19.3,13.4,95,37546,59149,63.48,59194,30,61.09,1.78,71.31,28.69,0,98.22,21.11,0.83,14.2,11.44,0,38.02,0,14.4,0,0,0.07302985245339129,0.15484387510008008,0.15896145487818827,0.14100423195699416,5539357.69,93.57971568064332
śremski,3026000,61397,30,104,20.4,59.6,19.9,38.1,107,36026,61492,58.59,61397,30,59.75,1.73,72.37,27.63,0,98.27,23.91,0.97,8.3,10.86,0,38.56,0,17.4,0,0,0.13708003698756807,0.3093599095859447,0.32688790712010685,0.22667214630638036,1383679.93,22.536604882974736
świdnicki,219000,155255,2,107,16.6,58.7,24.7,35.6,209,88491,156015,56.72,155255,2,58.7,1.23,67.41,32.59,0,98.77,31.04,0,6.3,5.22,0,41.14,0,14.27,2.03,0,0.10218430428098453,0.24562535744830444,0.17651781076358827,0.16464396837139994,5506477.75,35.46731345206273
świdnicki,617000,71181,6,108,17.1,58.1,24.7,42.1,151,37988,71432,53.18,71181,6,59.68,0.84,54.74,45.26,0,99.16,18.29,0,6.57,9.85,0,56.2,0,7.83,1.25,0,0.05969452271141264,0.11925787173311926,0.061405027625179055,0.07067113706601184,3421963.82,48.07411837428527
świdwiński,3216000,46127,32,103,16.7,59.9,23.3,27.4,42,26637,46394,57.41,46127,32,50.34,2,73.05,26.95,0,98,25.94,0,5.45,12.17,0,41.58,0,14.86,0,0,0.10676101838320129,0.29707971181703974,0.2728251672948235,0.3233341025049355,3435428.79,74.47761159407722
świebodziński,808000,55300,8,104,18.9,59.5,21.6,61.1,59,33085,55520,59.59,55300,8,55.86,1.61,77.26,22.74,0,98.39,30.48,0,7.57,12.91,0,35.17,0,13.86,0,0,0.13513936386597822,0.3406423925434185,0.2837792530007376,0.24043899058986568,1792018.72,32.40540180831827
świecki,414000,98321,4,103,18.9,60.3,20.8,28.3,67,55727,98703,56.46,98321,4,53.41,2.05,71.48,28.52,0,97.95,31.2,0,7.25,9.77,0,40.5,0,10.21,1.07,0,0.09676836756808824,0.26024032557131505,0.314132973727936,0.32885833313266066,2667807.28,27.133646728572735
tarnobrzeski,1820000,52534,18,103,16.5,61.5,22,33.2,100,22204,52720,42.12,52534,18,54.89,1.11,63.74,36.26,0,98.89,12.4,0,6.41,11.94,0,63.89,0.67,4.7,0,0,0.12442995145393027,0.302285097827686,0.27274064630020106,0.3005443044181827,7307111.8,139.0930026268702
tarnogórski,2413000,140791,24,106,17.6,58.9,23.5,57,219,82740,140780,58.77,140791,24,61.4,0.97,64.47,35.53,0,99.03,29.23,0,6.44,7.87,0,41.92,0,12.57,1.96,0,0.17769308803772654,0.3485409298202323,0.2779042031091492,0.1958617790328919,10741293.34,76.29247139376807
tarnowski,1216000,200923,12,101,19.2,62.2,18.7,19.1,142,87786,201230,43.62,200923,12,58.84,1.28,66.39,33.61,0,98.72,9.06,0,6.46,12.73,0,67.52,0,4.24,0,0,0.10371682820082244,0.29160771661664175,0.32207222097343613,0.28260323420909966,188198,0.9366672805004902
tatrzański,1217000,67901,12,107,19.1,59.6,21.4,47.3,144,27603,68049,40.56,67901,12,60.36,0.9,57.74,42.26,0,99.1,23.79,0,7.72,5.64,0,56.03,0,6.82,0,0,0.1349749565980883,0.3112366052720851,0.2208009897631353,0.33298744836669125,2259064.38,33.26997216535839
tczewski,2214000,114843,22,104,19.8,60,20.3,37.1,165,68413,115220,59.38,114843,22,57.07,1.56,66.32,33.68,0,98.44,30.74,0,7.96,8.81,0,40.73,0,11.77,0,0,0.12408117876007785,0.3157631359466222,0.3113149847094801,0.24884070058381985,3955756.3,34.44490565380563
tomaszowski,618000,81350,6,103,16,60.5,23.5,32,54,39511,81944,48.22,81350,6,52.11,1.24,67.19,32.81,0,98.76,8.94,0,5.55,15.73,0,63.25,0,5.55,0.98,0,0.05163406704373661,0.13339287069302655,0.08946947542916514,0.14358426579345207,3967687.41,48.77304744929318
tomaszowski,1016000,115110,10,109,17.8,57.8,24.3,42.8,112,63682,115735,55.02,115110,10,61.78,1.28,68,32,0,98.72,18.14,0,6.46,12.01,0,52.02,0,11.37,0,0,0.07805231115858535,0.19315787323211983,0.14481003496360634,0.16589910168630817,8254196.55,71.7070328381548
toruński,415000,110053,4,103,21.2,62.1,16.7,13.5,90,63566,109565,58.02,110053,4,57.82,1.36,67.51,32.49,0,98.64,30.53,0,7.39,8.74,0,39.89,0,12.41,1.03,0,0.11514853606584238,0.2782168109804515,0.289875348180638,0.31675930477306813,3215696.47,29.219525773945282
trzebnicki,220000,85242,2,104,18.9,60.1,21,41.3,83,49878,85226,58.52,85242,2,60.29,1.26,61.98,38.02,0,98.74,26.9,0,6.88,6.84,0,42.92,0,11.68,4.78,0,0.14629429057713136,0.31381711279591523,0.29144360204239517,0.24844499458455827,2307579.22,27.070918326646492
tucholski,416000,48203,4,100,20,59.6,20.4,28.1,45,26531,48322,54.9,48203,4,56.05,1.89,74.49,25.51,0,98.11,24.12,0,7.76,9.53,0,48.58,0,9.12,0.89,0,0.09695332811671757,0.2563545952495141,0.327611883787263,0.3190801928465053,1744264.71,36.185812293840634
turecki,3027000,83318,30,105,19.1,60.1,20.8,9.2,89,45798,83599,54.78,83318,30,58.31,1.29,72.4,27.6,0,98.71,13.17,0.6,5.48,14.3,0,56.65,0,9.79,0,0,0.13374785217112736,0.29442001339662754,0.2589480735067129,0.3128840609255322,3181243.8,38.18195107899853
wadowicki,1218000,159333,12,104,19.8,60.3,19.9,25.4,246,86551,159662,54.21,159333,12,61.78,1.28,67.04,32.96,0,98.72,21.14,0,6.73,10.95,0,54.03,0,7.15,0,0,0.11906056665484493,0.3011861134097805,0.3409859321432793,0.2387673877920952,10467296.38,65.6944661808916
wałbrzyski,221000,54752,2,108,15.5,59.5,25,25.2,127,29981,55107,54.41,54752,2,54.2,1.43,65.6,34.4,0,98.57,36.56,0,5.14,6.5,0,36.69,0,12.82,2.28,0,0.14295175088243928,0.3449467122735869,0.2489127392144413,0.2631887976295325,3876638.84,70.80360242548217
wałecki,3217000,52428,32,105,17.3,60,22.7,33.4,37,30271,52707,57.43,52428,32,54.43,1.58,72.78,27.22,0,98.42,34.67,0,6.2,9.7,0,35.86,0,13.57,0,0,0.12637842308399191,0.3423543466274582,0.24198217239478037,0.2892850578937695,1810233.82,34.52799687190051
warszawski zachodni,1432000,120932,14,108,21,58.3,20.8,43.1,228,83126,120144,69.19,120932,14,72.03,0.84,54.43,45.57,0,99.16,32.62,0,6.64,7,0,38.59,0,13.27,1.88,0,0.25031172069825436,0.37257550568024383,0.17022259166897571,0.2068901819525261,7439891.91,61.521283944696194
wąbrzeski,417000,33837,4,103,18.2,60.6,21.3,31.1,67,19302,34040,56.7,33837,4,50.68,1.59,74.77,25.23,0,98.41,30.91,0,6.62,10.53,0,39.94,0,10.28,1.72,0,0.09168966574670347,0.27748815973286994,0.2731949981260009,0.3576271763944257,1550677.55,45.82786742323492
wągrowiecki,3028000,69970,30,102,20.3,60.1,19.5,20.4,67,41060,70096,58.58,69970,30,57.37,1.74,75.75,24.25,0,98.26,24.73,0,7.19,17.86,0,36.66,0,13.57,0,0,0.10728245402309203,0.2951888610695823,0.33139398742727455,0.26613469748005114,19374155.64,276.8923201372017
wejherowski,2215000,220054,22,102,22.9,59.8,17.3,34,172,123532,219457,56.29,220054,22,64.37,1.12,59.65,40.35,0,98.88,36.23,0,8.33,7.54,0,36.63,0,11.28,0,0,0.1596666795461278,0.3172211274680267,0.2752405239364785,0.24787166904936697,4068746.4,18.489763421705582
węgorzewski,2819000,22376,28,101,16.3,59.8,24,23.6,32,13101,22444,58.37,22376,28,50.04,1.33,60.5,39.5,0,98.67,23.22,0,5.69,18.53,0,39.59,0.59,12.39,0,0,0.12169919632606199,0.3086217265321743,0.2366191022907441,0.3330599748510196,868586.96,38.81779406506971
węgrowski,1433000,65129,14,100,19.1,58.7,22.2,17.6,53,33645,65410,51.44,65129,14,60.08,1.66,53.23,46.77,0,98.34,13.55,0.32,6.28,10.81,0,62.93,0,5.15,0.96,0,0.10749174096834926,0.29528258321196404,0.26182018400767293,0.3354054918120138,1855599.23,28.491136513688218
wielicki,1219000,131478,12,105,21.6,60.4,18.1,26.6,322,77226,130651,59.11,131478,12,65.2,0.93,56.59,43.41,0,99.07,22.77,0,8.26,12.95,0,48.41,0,7.6,0,0,0.16639274209453686,0.32137926500558806,0.296079591523678,0.21614840137619706,3370665.14,25.63672355831394
wieluński,1017000,75464,10,104,17.6,59.3,23,31.8,81,42498,75736,56.11,75464,10,60.05,1.26,63.99,36.01,0,98.74,14.46,0,5.33,14.74,0,55.19,0,9.49,0.79,0,0.12606444368196137,0.2989020243925263,0.2978102872828223,0.27722324464269005,1839398.92,24.374521891232906
wieruszowski,1018000,41816,10,102,18.5,60.4,21.1,14.8,72,22703,41984,54.08,41816,10,57.93,1.54,65.45,34.55,0,98.46,14.37,0,6.91,13.22,0,54.1,0,10.24,1.16,0,0.1095475337237421,0.2784138915595956,0.31593974885645193,0.29609882586021036,827262.38,19.7833934379185
włocławski,418000,85420,4,102,17.2,61.6,21.2,14.2,58,47566,85646,55.54,85420,4,50.29,2.1,63.1,36.9,0,97.9,16.33,0,5.25,11.44,0,51.12,0,14.51,1.34,0,0.09130784214899675,0.25576548473661986,0.25812207979730556,0.39480459331707785,16452985.49,192.61280133458206
włodawski,619000,37751,6,103,17.2,59.4,23.4,52.9,30,19777,37989,52.06,37751,6,53.13,1.56,66.41,33.59,0,98.44,14.4,0,5.41,18.02,0,52.84,0,8.45,0.87,0,0.14098177067131215,0.3295899956448703,0.19937161699744912,0.33005661668636843,3694893.63,97.87538422823236
włoszczowski,2613000,44525,26,100,17.1,59.7,23.3,28.8,49,25004,44743,55.88,44525,26,57.56,1.2,66.02,33.98,0,98.8,6.3,0,5.41,16.55,0,63.74,0.81,6.68,0.51,0,0.12271831570213648,0.2883997096038166,0.25028521053723296,0.33859676415681395,5326266.63,119.62418034811903
wodzisławski,2415000,155955,24,106,18.3,59.6,22.1,31.2,542,81668,156579,52.16,155955,24,60.66,0.96,54.61,45.39,0,99.04,23.99,0,7.04,5.86,0,51.87,0,9.67,1.57,0,0.13033130536204016,0.29949090565205055,0.34433218800239573,0.22584560098351353,5702325.82,36.56391792504248
wolsztyński,3029000,57429,30,104,21.4,59.2,19.4,29.1,84,33867,57431,58.97,57429,30,60.76,2.11,73.23,26.77,0,97.89,31.89,0,6.98,12.68,0,37.31,0,11.14,0,0,0.11203301091489928,0.27577868488774515,0.36518324607329844,0.24700505812405715,1492074.84,25.98120879694928
wołomiński,1434000,253856,14,108,23,59.7,17.3,36.3,268,149066,252408,59.06,253856,14,68.09,0.93,55.63,44.37,0,99.07,22.58,0,7.71,7.44,0,48.66,0,11.05,2.56,0,0.2019255908062701,0.3584736225887488,0.2086606117786139,0.23094017482636717,29373298.88,115.70850750031514
wołowski,222000,46455,2,105,17.1,59.9,23,44.6,69,24719,46623,53.02,46455,2,55.43,1.5,59.25,40.75,0,98.5,25.04,0,6.43,6.79,0,45.68,0,12.87,3.18,0,0.13724726829141687,0.3544602766747125,0.25352332009655065,0.25476913493731995,3001525.39,64.61146033796147
wrocławski,223000,158755,2,104,23.4,60.3,16.2,26,144,100571,156322,64.34,158755,2,68.43,0.87,57.78,42.22,0,99.13,32.72,0,7.34,7.43,0,35.34,0,12.89,4.28,0,0.2212321174048461,0.322398775273188,0.22392440479332734,0.23244470252863855,10441072.6,65.76846461528771
wrzesiński,3030000,77919,30,105,20.1,59.6,20.3,32.7,111,48462,78037,62.1,77919,30,61.26,1.18,69.84,30.16,0,98.82,27.25,0.7,6.98,8.61,0,41.28,0,15.18,0,0,0.13513908273556427,0.29984744717452694,0.31172709273264304,0.2532863773572657,5304909.92,68.08236656014579
wschowski,812000,38426,8,103,18.9,59.8,21.3,28.5,61,20280,38613,52.52,38426,8,53.02,1.71,72.26,27.74,0,98.29,21.08,0,6.5,11.78,0,48.17,0,12.47,0,0,0.1134431803321564,0.2900156924284033,0.33934876422126325,0.25719236301817705,1671773.62,43.506313954093585
wysokomazowiecki,2013000,56087,20,98,18.2,59.6,22.3,28.7,43,26277,56408,46.58,56087,20,58.55,1.08,58.82,41.18,0,98.92,6.59,0.22,5.53,10.66,0,72.57,0.23,3.62,0.59,0,0.115776,0.29917866666666665,0.21431466666666665,0.37073066666666665,9787543.78,174.50645925080676
wyszkowski,1435000,74107,14,102,20.8,60,19.2,27.9,84,39867,74210,53.72,74107,14,60.63,1.55,62.32,37.68,0,98.45,12.49,0.33,7.26,14.18,0,58.6,0,6.09,1.07,0,0.1388011018911291,0.2943502729377567,0.26185124469757143,0.3049973804735428,3117103.48,42.06220033195245
zambrowski,2014000,43028,20,102,17.8,60.6,21.6,68.3,58,20018,43191,46.35,43028,20,54.5,1.09,55.71,44.29,0,98.91,9.61,0.23,5.59,16.47,0,62.48,0.45,4.71,0.47,0,0.1311198148477835,0.29817221529879534,0.2305501157201353,0.34015785413328586,4517086.27,104.98015873384772
zamojski,620000,104775,6,103,16.4,61.1,22.4,12.8,56,49052,105354,46.56,104775,6,53.6,1.44,69.44,30.56,0,98.56,8.1,0,5.26,12.61,0,66.97,0,5.26,1.8,0,0.11101843920472476,0.2860105495694513,0.25259230873269917,0.35037870249312475,1868347.4,17.831996182295395
zawierciański,2416000,115955,24,107,15.8,58,26.2,28.8,115,69072,116672,59.2,115955,24,60.96,1.06,65.97,34.03,0,98.94,24.16,0,7.9,7.01,0,46.26,0,14.67,0,0,0.1640349694787314,0.36086345342858794,0.23454198840769483,0.24055958868498584,3540030.31,30.52934595317149
ząbkowicki,224000,63629,2,105,15.4,59.9,24.7,20.9,79,33534,64080,52.33,63629,2,52.63,1.64,75.61,24.39,0,98.36,24.79,0,4.48,12.74,0,46.74,0,9.39,1.87,0,0.11255586412373789,0.3607489011090063,0.25990841042429147,0.26678682434296436,2004344.87,31.500493014191644
zduńskowolski,1019000,65796,10,107,17.7,59.1,23.2,28.8,178,35615,66064,53.91,65796,10,61.72,1.25,66.92,33.08,0,98.75,19.37,0,6.24,15.74,0,47.59,0,10.16,0.9,0,0.13990326698671268,0.3689699192692882,0.22124530269521908,0.26988151104878005,2690953.43,40.89843501124689
zgierski,1020000,165444,10,111,17.6,58.2,24.2,71,193,102155,165850,61.59,165444,10,64.94,1.01,62.73,37.27,0,98.99,30.3,0,5.77,6.61,0,40.81,0,13.83,2.68,0,0.1598417017790262,0.36069171348314605,0.2066069756554307,0.272859609082397,3870272.78,23.393249558763085
zgorzelecki,225000,87887,2,106,15.7,60.1,24.2,26.4,104,47278,88386,53.49,87887,2,54.69,1.52,69.58,30.42,0,98.48,23.6,0,5.9,10.41,0,41.4,0,15.87,2.82,0,0.1228773460911624,0.33867830292834233,0.2615793070816466,0.27686504389884864,1922953.73,21.87984263884306
zielonogórski,809000,75497,8,103,18.6,60.5,21,32.6,56,45461,75673,60.08,75497,8,56.96,1.76,67.29,32.71,0,98.24,30.57,0,7.65,11.55,0,33.4,0,16.82,0,0,0.1498454853379755,0.31727460426703374,0.28795055530815217,0.24492935508683858,5132560.71,67.98363789289641
złotoryjski,226000,42766,2,104,16.4,60,23.5,28.3,74,24011,43038,55.79,42766,2,54.14,1.75,68.81,31.19,0,98.25,22.84,0,4.55,8.25,0,44.9,0,17.92,1.55,0,0.12050837352988998,0.31529456398027206,0.2859736599642296,0.27822340252560834,2969126.62,69.4272697937614
złotowski,3031000,68985,30,102,19,61,20.1,15,41,37187,69161,53.77,68985,30,53.72,2.04,71.09,28.91,0,97.96,28.32,0,6.67,13.41,0,37.9,0,13.71,0,0,0.10421715037099652,0.29798065182680566,0.2683197144735606,0.32948248332863717,2425072.9,35.15362615061245
zwoleński,1436000,35724,14,101,18.4,60.3,21.2,29.8,62,16331,35875,45.52,35724,14,55.14,1.36,56.62,43.38,0,98.64,8.62,0,5.63,14.96,0,64.25,0.61,5.34,0.6,0,0.11115142319997362,0.272271512912695,0.2467099838385171,0.3698670800488143,4043199.85,113.17881116336356
żagański,810000,77737,8,105,17.1,60,23,18.4,68,44533,78148,56.99,77737,8,52.66,1.56,70.38,29.62,0,98.44,25.82,0,7.51,11.82,0,39.83,0,15.02,0,0,0.11133980349148162,0.33080436284967396,0.2781166431297136,0.2797391905291307,3541334.15,45.555323076527266
żarski,811000,94883,8,106,17.4,60.2,22.5,34.4,68,56696,95423,59.42,94883,8,53.24,1.54,67.27,32.73,0,98.46,28.81,0,8.47,12.76,0,35.32,0,14.64,0,0,0.12057276816828233,0.3371222201102452,0.28027624659443706,0.26202876512703543,4672138.71,49.241051716324314
żniński,419000,69663,4,103,18.5,59.7,21.8,33.8,71,39917,69886,57.12,69663,4,55.47,2.18,71.43,28.57,0,97.82,29.12,0,5.72,11.84,0,41.89,0,10.06,1.38,0,0.10210888020482414,0.28759601131922924,0.3220084894219108,0.28828661905403585,3360571,48.24040021245137
żuromiński,1437000,37908,14,102,18,60.4,21.6,20.7,47,21413,38202,56.05,37908,14,53.78,1.79,63,37,0,98.21,10.62,0,3.87,19.11,0,57.3,0,8.09,1.01,0,0.10237241129834504,0.2689536671389383,0.2400144695987701,0.3886594519639466,2671717.74,70.47899493510606
żyrardowski,1438000,75068,14,109,19.2,58,22.8,29.5,141,42910,75370,56.93,75068,14,62.72,1.25,62.94,37.06,0,98.75,23.37,0,6.28,10.22,0,46.98,0,10.74,2.41,0,0.16240384919755627,0.3558608464436074,0.22001519420088,0.2617201101579564,2834414.91,37.75796491181329
żywiecki,2417000,151731,24,105,18.7,60.6,20.7,25.7,146,81528,152199,53.57,151731,24,62.22,1.14,55.52,44.48,0,98.86,20.67,0,6.62,6.68,0,58.13,0,7.9,0,0,0.13875629266385364,0.326664603053062,0.28815105651586,0.24642804776722438,7534373.62,49.65612577522062
