wojewodztwo;powiat_miasto;liczba_szczepien_ogolem;liczba_szczepien_dziennie;dawka_2_ogolem;dawka_2_dziennie;teryt
woj_puste;pow_puste;116;0;1;0;t00
dolnośląskie;bolesławiecki;2630;87;176;0;t0201
dolnośląskie;dzierżoniowski;1919;156;74;11;t0202
dolnośląskie;głogowski;1712;189;176;34;t0203
dolnośląskie;górowski;326;58;0;0;t0204
dolnośląskie;jaworski;1067;128;111;21;t0205
dolnośląskie;jeleniogórski;1096;153;87;0;t0206
dolnośląskie;kamiennogórski;1056;48;80;0;t0207
dolnośląskie;kłodzki;5550;526;472;99;t0208
dolnośląskie;legnicki;157;29;0;0;t0209
dolnośląskie;lubański;915;86;28;0;t0210
dolnośląskie;lubiński;3953;296;579;160;t0211
dolnośląskie;lwówecki;1099;72;253;43;t0212
dolnośląskie;milicki;1088;81;89;17;t0213
dolnośląskie;oleśnicki;1660;154;80;0;t0214
dolnośląskie;oławski;1632;129;159;54;t0215
dolnośląskie;polkowicki;178;29;0;0;t0216
dolnośląskie;strzeliński;915;65;110;0;t0217
dolnośląskie;średzki;237;41;0;0;t0218
dolnośląskie;świdnicki;3681;367;934;57;t0219
dolnośląskie;trzebnicki;2177;131;177;9;t0220
dolnośląskie;wałbrzyski;1037;42;85;0;t0221
dolnośląskie;wołowski;1005;127;88;30;t0222
dolnośląskie;wrocławski;1272;162;0;0;t0223
dolnośląskie;ząbkowicki;1969;155;318;50;t0224
dolnośląskie;zgorzelecki;3225;179;877;106;t0225
dolnośląskie;złotoryjski;829;57;262;32;t0226
dolnośląskie;Jelenia Góra;3110;247;446;117;t0261
dolnośląskie;Legnica;3307;166;561;80;t0262
dolnośląskie;Wrocław;40640;2941;8996;1535;t0264
dolnośląskie;Wałbrzych;5704;485;1342;144;t0265
kujawsko-pomorskie;aleksandrowski;1912;153;314;59;t0401
kujawsko-pomorskie;brodnicki;1408;137;242;44;t0402
kujawsko-pomorskie;bydgoski;739;48;0;0;t0403
kujawsko-pomorskie;chełmiński;1037;96;219;9;t0404
kujawsko-pomorskie;golubsko-dobrzyński;970;113;403;67;t0405
kujawsko-pomorskie;grudziądzki;333;39;66;13;t0406
kujawsko-pomorskie;inowrocławski;3373;348;403;2;t0407
kujawsko-pomorskie;lipnowski;1380;82;278;36;t0408
kujawsko-pomorskie;mogileński;772;53;125;9;t0409
kujawsko-pomorskie;nakielski;888;108;69;24;t0410
kujawsko-pomorskie;radziejowski;1259;136;388;77;t0411
kujawsko-pomorskie;rypiński;827;24;224;3;t0412
kujawsko-pomorskie;sępoleński;1324;121;220;27;t0413
kujawsko-pomorskie;świecki;1774;226;65;29;t0414
kujawsko-pomorskie;toruński;1032;101;169;40;t0415
kujawsko-pomorskie;tucholski;727;109;167;58;t0416
kujawsko-pomorskie;wąbrzeski;548;73;79;25;t0417
kujawsko-pomorskie;włocławski;929;114;0;0;t0418
kujawsko-pomorskie;żniński;1319;74;148;3;t0419
kujawsko-pomorskie;Bydgoszcz;19236;1689;3569;947;t0461
kujawsko-pomorskie;Grudziądz;3570;333;898;244;t0462
kujawsko-pomorskie;Toruń;7668;344;1417;229;t0463
kujawsko-pomorskie;Włocławek;3079;303;321;23;t0464
lubelskie;bialski;1283;134;89;24;t0601
lubelskie;biłgorajski;1632;173;154;0;t0602
lubelskie;chełmski;408;59;0;0;t0603
lubelskie;hrubieszowski;1193;162;252;61;t0604
lubelskie;janowski;1432;84;177;6;t0605
lubelskie;krasnostawski;1538;155;138;71;t0606
lubelskie;kraśnicki;1684;210;84;0;t0607
lubelskie;lubartowski;1690;80;86;1;t0608
lubelskie;lubelski;1932;162;160;23;t0609
lubelskie;łęczyński;1467;153;259;8;t0610
lubelskie;łukowski;1819;136;79;35;t0611
lubelskie;opolski;1186;137;240;56;t0612
lubelskie;parczewski;1045;71;171;0;t0613
lubelskie;puławski;4181;449;790;156;t0614
lubelskie;radzyński;1236;108;168;40;t0615
lubelskie;rycki;1060;119;122;0;t0616
lubelskie;świdnicki;1339;97;78;6;t0617
lubelskie;tomaszowski;1805;96;274;8;t0618
lubelskie;włodawski;1252;108;241;46;t0619
lubelskie;zamojski;1178;172;80;24;t0620
lubelskie;Biała Podlaska;3547;129;638;13;t0661
lubelskie;Chełm;2331;186;383;30;t0662
lubelskie;Lublin;22920;1801;3880;799;t0663
lubelskie;Zamość;2890;236;574;95;t0664
lubuskie;gorzowski;738;130;90;12;t0801
lubuskie;krośnieński;1165;163;114;39;t0802
lubuskie;międzyrzecki;2206;142;295;3;t0803
lubuskie;nowosolski;2283;161;329;72;t0804
lubuskie;słubicki;813;42;161;6;t0805
lubuskie;strzelecko-drezdenecki;1009;99;161;21;t0806
lubuskie;sulęciński;962;82;160;0;t0807
lubuskie;świebodziński;1892;203;346;161;t0808
lubuskie;zielonogórski;1591;84;168;0;t0809
lubuskie;żagański;951;112;136;23;t0810
lubuskie;żarski;2831;172;478;57;t0811
lubuskie;wschowski;725;47;247;30;t0812
lubuskie;Gorzów Wielkopolski;4718;192;515;74;t0861
lubuskie;Zielona Góra;4327;392;586;30;t0862
łódzkie;bełchatowski;2415;205;418;9;t1001
łódzkie;kutnowski;2074;176;190;36;t1002
łódzkie;łaski;647;54;85;24;t1003
łódzkie;łęczycki;1629;94;199;26;t1004
łódzkie;łowicki;3269;265;424;88;t1005
łódzkie;łódzki wschodni;661;22;0;0;t1006
łódzkie;opoczyński;1225;50;131;2;t1007
łódzkie;pabianicki;2516;250;314;78;t1008
łódzkie;pajęczański;661;43;90;0;t1009
łódzkie;piotrkowski;626;131;85;0;t1010
łódzkie;poddębicki;872;44;119;26;t1011
łódzkie;radomszczański;3550;252;1033;131;t1012
łódzkie;rawski;702;96;42;42;t1013
łódzkie;sieradzki;2694;78;583;0;t1014
łódzkie;skierniewicki;162;40;0;0;t1015
łódzkie;tomaszowski;2354;161;299;21;t1016
łódzkie;wieluński;1412;111;84;29;t1017
łódzkie;wieruszowski;821;53;74;0;t1018
łódzkie;zduńskowolski;1293;79;162;0;t1019
łódzkie;zgierski;5127;362;1632;149;t1020
łódzkie;brzeziński;976;163;71;35;t1021
łódzkie;Łódź;37983;2510;7513;1252;t1061
łódzkie;Piotrków Trybunalski;2363;176;213;35;t1062
łódzkie;Skierniewice;2056;137;265;28;t1063
małopolskie;bocheński;1454;158;211;29;t1201
małopolskie;brzeski;1836;159;260;64;t1202
małopolskie;chrzanowski;2617;362;309;3;t1203
małopolskie;dąbrowski;1531;114;400;71;t1204
małopolskie;gorlicki;2465;315;223;55;t1205
małopolskie;krakowski;2216;235;119;0;t1206
małopolskie;limanowski;2156;226;203;42;t1207
małopolskie;miechowski;2026;221;457;103;t1208
małopolskie;myślenicki;1511;204;89;35;t1209
małopolskie;nowosądecki;1943;269;89;0;t1210
małopolskie;nowotarski;3397;254;460;76;t1211
małopolskie;olkuski;1860;185;66;29;t1212
małopolskie;oświęcimski;2418;96;245;0;t1213
małopolskie;proszowicki;1217;92;250;9;t1214
małopolskie;suski;2206;257;482;108;t1215
małopolskie;tarnowski;1548;196;0;0;t1216
małopolskie;tatrzański;1727;227;334;69;t1217
małopolskie;wadowicki;1932;194;152;24;t1218
małopolskie;wielicki;680;121;0;0;t1219
małopolskie;Kraków;43372;3187;6765;1541;t1261
małopolskie;Nowy Sącz;1935;150;203;39;t1262
małopolskie;Tarnów;5543;354;1401;267;t1263
mazowieckie;białobrzeski;468;55;0;0;t1401
mazowieckie;ciechanowski;3198;264;395;11;t1402
mazowieckie;garwoliński;1285;141;0;0;t1403
mazowieckie;gostyniński;822;33;0;0;t1404
mazowieckie;grodziski;3413;223;470;89;t1405
mazowieckie;grójecki;2548;205;460;81;t1406
mazowieckie;kozienicki;1050;156;160;0;t1407
mazowieckie;legionowski;842;33;87;0;t1408
mazowieckie;lipski;842;112;45;9;t1409
mazowieckie;łosicki;469;42;89;5;t1410
mazowieckie;makowski;966;115;0;0;t1411
mazowieckie;miński;2162;238;282;85;t1412
mazowieckie;mławski;1644;138;326;53;t1413
mazowieckie;nowodworski;4071;128;522;18;t1414
mazowieckie;ostrołęcki;760;95;0;0;t1415
mazowieckie;ostrowski;1682;214;260;133;t1416
mazowieckie;otwocki;3274;134;293;51;t1417
mazowieckie;piaseczyński;5038;365;331;108;t1418
mazowieckie;płocki;1608;116;1;0;t1419
mazowieckie;płoński;1812;96;156;3;t1420
mazowieckie;pruszkowski;3955;188;353;90;t1421
mazowieckie;przasnyski;1497;89;264;1;t1422
mazowieckie;przysuski;787;54;164;0;t1423
mazowieckie;pułtuski;1416;158;146;25;t1424
mazowieckie;radomski;1837;168;182;37;t1425
mazowieckie;siedlecki;452;105;0;0;t1426
mazowieckie;sierpecki;1010;54;181;0;t1427
mazowieckie;sochaczewski;1845;102;681;12;t1428
mazowieckie;sokołowski;1231;105;244;34;t1429
mazowieckie;szydłowiecki;625;114;90;49;t1430
mazowieckie;warszawski zachodni;2080;122;73;36;t1432
mazowieckie;węgrowski;1287;181;179;0;t1433
mazowieckie;wołomiński;4421;174;400;5;t1434
mazowieckie;wyszkowski;1933;138;126;26;t1435
mazowieckie;zwoleński;571;77;86;12;t1436
mazowieckie;żuromiński;883;89;287;48;t1437
mazowieckie;żyrardowski;1305;211;76;0;t1438
mazowieckie;Ostrołęka;2552;202;546;125;t1461
mazowieckie;Płock;3915;455;431;161;t1462
mazowieckie;Radom;6535;595;690;151;t1463
mazowieckie;Siedlce;2981;145;577;70;t1464
mazowieckie;Warszawa;90291;6090;16574;3055;t1465
opolskie;brzeski;1819;164;296;35;t1601
opolskie;głubczycki;2606;239;359;51;t1602
opolskie;kędzierzyńsko-kozielski;2420;238;453;129;t1603
opolskie;kluczborski;1486;109;171;29;t1604
opolskie;krapkowicki;2144;220;500;9;t1605
opolskie;namysłowski;777;66;87;0;t1606
opolskie;nyski;4609;264;1324;118;t1607
opolskie;oleski;1164;95;59;32;t1608
opolskie;opolski;1534;144;177;70;t1609
opolskie;prudnicki;1613;118;343;78;t1610
opolskie;strzelecki;2291;78;634;0;t1611
opolskie;Opole;8660;668;1623;275;t1661
podkarpackie;bieszczadzki;469;78;89;8;t1801
podkarpackie;brzozowski;1823;181;196;57;t1802
podkarpackie;dębicki;2292;188;651;59;t1803
podkarpackie;jarosławski;1580;166;188;1;t1804
podkarpackie;jasielski;1675;235;106;30;t1805
podkarpackie;kolbuszowski;696;78;243;20;t1806
podkarpackie;krośnieński;1080;174;0;0;t1807
podkarpackie;leżajski;1339;117;161;0;t1808
podkarpackie;lubaczowski;1798;132;165;28;t1809
podkarpackie;łańcucki;1747;173;299;59;t1810
podkarpackie;mielecki;1947;222;189;36;t1811
podkarpackie;niżański;1140;103;239;7;t1812
podkarpackie;przemyski;309;63;0;0;t1813
podkarpackie;przeworski;1210;83;163;0;t1814
podkarpackie;ropczycko-sędziszowski;1143;127;153;0;t1815
podkarpackie;rzeszowski;1732;257;143;1;t1816
podkarpackie;sanocki;1162;65;247;0;t1817
podkarpackie;stalowowolski;2832;246;404;84;t1818
podkarpackie;strzyżowski;918;142;53;2;t1819
podkarpackie;tarnobrzeski;685;66;92;12;t1820
podkarpackie;leski;549;77;237;48;t1821
podkarpackie;Krosno;1451;121;137;29;t1861
podkarpackie;Przemyśl;2852;277;404;85;t1862
podkarpackie;Rzeszów;13244;1103;1453;220;t1863
podkarpackie;Tarnobrzeg;1802;138;161;40;t1864
podlaskie;augustowski;1227;73;252;0;t2001
podlaskie;białostocki;3154;340;287;108;t2002
podlaskie;bielski;1385;178;151;0;t2003
podlaskie;grajewski;865;54;263;6;t2004
podlaskie;hajnowski;1521;111;317;2;t2005
podlaskie;kolneński;1025;77;320;1;t2006
podlaskie;łomżyński;113;21;0;0;t2007
podlaskie;moniecki;626;54;73;0;t2008
podlaskie;sejneński;507;24;88;6;t2009
podlaskie;siemiatycki;757;70;86;2;t2010
podlaskie;sokólski;1107;145;157;52;t2011
podlaskie;suwalski;138;24;0;0;t2012
podlaskie;wysokomazowiecki;1463;209;86;0;t2013
podlaskie;zambrowski;791;84;329;60;t2014
podlaskie;Białystok;15961;982;2759;451;t2061
podlaskie;Łomża;2059;55;283;0;t2062
podlaskie;Suwałki;1773;92;242;2;t2063
pomorskie;bytowski;2664;95;638;48;t2201
pomorskie;chojnicki;1276;113;142;2;t2202
pomorskie;człuchowski;1138;148;184;89;t2203
pomorskie;gdański;1068;86;86;6;t2204
pomorskie;kartuski;2840;121;319;48;t2205
pomorskie;kościerski;2591;190;526;116;t2206
pomorskie;kwidzyński;2047;44;339;12;t2207
pomorskie;lęborski;1734;125;128;39;t2208
pomorskie;malborski;1567;46;345;0;t2209
pomorskie;nowodworski;776;47;83;0;t2210
pomorskie;pucki;1101;122;142;5;t2211
pomorskie;słupski;639;58;0;0;t2212
pomorskie;starogardzki;3040;288;243;63;t2213
pomorskie;tczewski;3405;308;869;230;t2214
pomorskie;wejherowski;4655;299;941;129;t2215
pomorskie;sztumski;1045;76;218;11;t2216
pomorskie;Gdańsk;27222;1431;5726;720;t2261
pomorskie;Gdynia;9628;729;1826;351;t2262
pomorskie;Słupsk;2182;218;625;84;t2263
pomorskie;Sopot;834;77;267;52;t2264
śląskie;będziński;2667;101;169;36;t2401
śląskie;bielski;2215;282;352;67;t2402
śląskie;cieszyński;5248;402;791;147;t2403
śląskie;częstochowski;1195;149;86;6;t2404
śląskie;gliwicki;3866;350;784;167;t2405
śląskie;kłobucki;1860;112;339;48;t2406
śląskie;lubliniecki;1716;66;77;0;t2407
śląskie;mikołowski;2112;125;88;1;t2408
śląskie;myszkowski;1827;77;348;34;t2409
śląskie;pszczyński;568;71;0;0;t2410
śląskie;raciborski;2585;222;530;61;t2411
śląskie;rybnicki;233;42;0;0;t2412
śląskie;tarnogórski;4228;216;381;66;t2413
śląskie;bieruńsko-lędziński;373;81;0;0;t2414
śląskie;wodzisławski;1965;223;86;45;t2415
śląskie;zawierciański;1738;224;90;6;t2416
śląskie;żywiecki;2484;241;231;57;t2417
śląskie;Bielsko-Biała;7715;442;1657;107;t2461
śląskie;Bytom;4433;286;462;140;t2462
śląskie;Chorzów;3996;208;532;84;t2463
śląskie;Częstochowa;6675;646;1095;277;t2464
śląskie;Dąbrowa Górnicza;4011;225;1229;108;t2465
śląskie;Gliwice;6178;550;1153;254;t2466
śląskie;Jastrzębie-Zdrój;4917;257;2089;186;t2467
śląskie;Jaworzno;1314;221;83;10;t2468
śląskie;Katowice;21920;1470;4275;736;t2469
śląskie;Mysłowice;1340;193;126;45;t2470
śląskie;Piekary Śląskie;1476;114;244;0;t2471
śląskie;Ruda Śląska;3839;69;475;0;t2472
śląskie;Rybnik;2339;149;423;62;t2473
śląskie;Siemianowice Śląskie;2403;224;349;159;t2474
śląskie;Sosnowiec;3733;177;77;18;t2475
śląskie;Świętochłowice;1246;58;0;0;t2476
śląskie;Tychy;4137;267;539;70;t2477
śląskie;Zabrze;6019;306;1102;74;t2478
śląskie;Żory;906;78;163;0;t2479
świętokrzyskie;buski;3196;132;944;65;t2601
świętokrzyskie;jędrzejowski;1227;139;160;46;t2602
świętokrzyskie;kazimierski;624;30;90;0;t2603
świętokrzyskie;kielecki;2284;243;237;25;t2604
świętokrzyskie;konecki;2006;101;169;27;t2605
świętokrzyskie;opatowski;1152;133;191;16;t2606
świętokrzyskie;ostrowiecki;1281;142;88;29;t2607
świętokrzyskie;pińczowski;914;71;170;0;t2608
świętokrzyskie;sandomierski;1907;190;338;2;t2609
świętokrzyskie;skarżyski;1288;115;207;49;t2610
świętokrzyskie;starachowicki;1901;120;254;67;t2611
świętokrzyskie;staszowski;1620;122;336;12;t2612
świętokrzyskie;włoszczowski;1236;119;94;13;t2613
świętokrzyskie;Kielce;10814;811;1641;149;t2661
warmińsko-mazurskie;bartoszycki;1482;48;169;0;t2801
warmińsko-mazurskie;braniewski;926;248;89;89;t2802
warmińsko-mazurskie;działdowski;1167;89;153;40;t2803
warmińsko-mazurskie;elbląski;640;72;180;0;t2804
warmińsko-mazurskie;ełcki;2052;80;164;17;t2805
warmińsko-mazurskie;giżycki;1003;130;168;62;t2806
warmińsko-mazurskie;iławski;1404;130;180;0;t2807
warmińsko-mazurskie;kętrzyński;1121;54;88;12;t2808
warmińsko-mazurskie;lidzbarski;892;18;174;0;t2809
warmińsko-mazurskie;mrągowski;924;106;176;60;t2810
warmińsko-mazurskie;nidzicki;879;111;169;42;t2811
warmińsko-mazurskie;nowomiejski;778;47;85;16;t2812
warmińsko-mazurskie;olecki;688;24;89;11;t2813
warmińsko-mazurskie;olsztyński;2345;143;303;19;t2814
warmińsko-mazurskie;ostródzki;2016;234;329;55;t2815
warmińsko-mazurskie;piski;1767;144;243;40;t2816
warmińsko-mazurskie;szczycieński;1302;126;235;4;t2817
warmińsko-mazurskie;gołdapski;458;53;83;17;t2818
warmińsko-mazurskie;węgorzewski;784;5;131;5;t2819
warmińsko-mazurskie;Elbląg;4428;360;691;202;t2861
warmińsko-mazurskie;Olsztyn;10214;493;1834;255;t2862
wielkopolskie;chodzieski;1014;113;240;0;t3001
wielkopolskie;czarnkowsko-trzcianecki;1776;129;331;75;t3002
wielkopolskie;gnieźnieński;3431;250;454;96;t3003
wielkopolskie;gostyński;2209;182;273;24;t3004
wielkopolskie;grodziski;724;79;151;0;t3005
wielkopolskie;jarociński;1373;202;253;52;t3006
wielkopolskie;kaliski;457;74;0;0;t3007
wielkopolskie;kępiński;1049;112;219;50;t3008
wielkopolskie;kolski;1166;135;81;30;t3009
wielkopolskie;koniński;755;80;0;0;t3010
wielkopolskie;kościański;1439;106;154;53;t3011
wielkopolskie;krotoszyński;1529;188;334;84;t3012
wielkopolskie;leszczyński;202;66;0;0;t3013
wielkopolskie;międzychodzki;1308;98;403;39;t3014
wielkopolskie;nowotomyski;778;74;85;0;t3015
wielkopolskie;obornicki;1540;150;193;0;t3016
wielkopolskie;ostrowski;2408;209;423;79;t3017
wielkopolskie;ostrzeszowski;1202;88;147;36;t3018
wielkopolskie;pilski;2515;195;358;37;t3019
wielkopolskie;pleszewski;2773;179;705;45;t3020
wielkopolskie;poznański;2830;267;155;54;t3021
wielkopolskie;rawicki;1748;82;399;52;t3022
wielkopolskie;słupecki;2921;191;922;124;t3023
wielkopolskie;szamotulski;2556;73;248;28;t3024
wielkopolskie;średzki;1311;120;382;48;t3025
wielkopolskie;śremski;2602;113;857;31;t3026
wielkopolskie;turecki;1438;144;170;73;t3027
wielkopolskie;wągrowiecki;762;18;146;0;t3028
wielkopolskie;wolsztyński;1447;194;277;111;t3029
wielkopolskie;wrzesiński;617;78;54;16;t3030
wielkopolskie;złotowski;1146;101;195;41;t3031
wielkopolskie;Kalisz;3659;272;646;231;t3061
wielkopolskie;Konin;1868;55;276;0;t3062
wielkopolskie;Leszno;2208;84;227;4;t3063
wielkopolskie;Poznań;38039;2450;7077;908;t3064
zachodniopomorskie;białogardzki;785;108;0;0;t3201
zachodniopomorskie;choszczeński;979;43;255;25;t3202
zachodniopomorskie;drawski;1097;126;78;28;t3203
zachodniopomorskie;goleniowski;1744;192;207;13;t3204
zachodniopomorskie;gryficki;1445;42;86;0;t3205
zachodniopomorskie;gryfiński;1543;134;74;13;t3206
zachodniopomorskie;kamieński;715;120;71;39;t3207
zachodniopomorskie;kołobrzeski;2184;65;208;0;t3208
zachodniopomorskie;koszaliński;952;108;0;0;t3209
zachodniopomorskie;myśliborski;1148;72;85;0;t3210
zachodniopomorskie;policki;621;6;0;0;t3211
zachodniopomorskie;pyrzycki;802;95;0;0;t3212
zachodniopomorskie;sławieński;977;103;181;24;t3213
zachodniopomorskie;stargardzki;1542;191;88;6;t3214
zachodniopomorskie;szczecinecki;1858;221;174;35;t3215
zachodniopomorskie;świdwiński;626;54;12;0;t3216
zachodniopomorskie;wałecki;1075;76;232;1;t3217
zachodniopomorskie;łobeski;308;48;0;0;t3218
zachodniopomorskie;Koszalin;3851;254;697;147;t3261
zachodniopomorskie;Szczecin;21140;1764;4607;835;t3262
zachodniopomorskie;Świnoujście;1459;111;403;26;t3263
Cały kraj;;1097036;84315;179128;28232;t0000
