wojewodztwo;powiat_miasto;liczba_szczepien_ogolem;liczba_szczepien_dziennie;dawka_2_ogolem;dawka_2_dziennie;teryt
woj_puste;pow_puste;0;0;0;0;t00
dolnośląskie;bolesławiecki;1052;0;0;0;t0201
dolnośląskie;dzierżoniowski;515;0;0;0;t0202
dolnośląskie;głogowski;624;0;0;0;t0203
dolnośląskie;górowski;0;0;0;0;t0204
dolnośląskie;jaworski;359;0;0;0;t0205
dolnośląskie;jeleniogórski;259;0;0;0;t0206
dolnośląskie;kamiennogórski;259;0;0;0;t0207
dolnośląskie;kłodzki;1982;0;0;0;t0208
dolnośląskie;legnicki;0;0;0;0;t0209
dolnośląskie;lubański;359;0;0;0;t0210
dolnośląskie;lubiński;1703;53;0;0;t0211
dolnośląskie;lwówecki;528;0;0;0;t0212
dolnośląskie;milicki;268;0;0;0;t0213
dolnośląskie;oleśnicki;588;1;0;0;t0214
dolnośląskie;oławski;611;0;0;0;t0215
dolnośląskie;polkowicki;0;0;0;0;t0216
dolnośląskie;strzeliński;506;0;0;0;t0217
dolnośląskie;średzki;0;0;0;0;t0218
dolnośląskie;świdnicki;1616;0;0;0;t0219
dolnośląskie;trzebnicki;602;0;0;0;t0220
dolnośląskie;wałbrzyski;427;0;0;0;t0221
dolnośląskie;wołowski;445;0;0;0;t0222
dolnośląskie;wrocławski;162;0;0;0;t0223
dolnośląskie;ząbkowicki;500;0;0;0;t0224
dolnośląskie;zgorzelecki;1586;0;0;0;t0225
dolnośląskie;złotoryjski;422;0;0;0;t0226
dolnośląskie;Jelenia Góra;1796;436;0;0;t0261
dolnośląskie;Legnica;1875;317;2;0;t0262
dolnośląskie;Wrocław;23444;783;21;21;t0264
dolnośląskie;Wałbrzych;2664;72;0;0;t0265
kujawsko-pomorskie;aleksandrowski;577;0;0;0;t0401
kujawsko-pomorskie;brodnicki;665;46;0;0;t0402
kujawsko-pomorskie;bydgoski;0;0;0;0;t0403
kujawsko-pomorskie;chełmiński;334;0;0;0;t0404
kujawsko-pomorskie;golubsko-dobrzyński;413;0;0;0;t0405
kujawsko-pomorskie;grudziądzki;85;0;0;0;t0406
kujawsko-pomorskie;inowrocławski;1544;0;0;0;t0407
kujawsko-pomorskie;lipnowski;496;0;0;0;t0408
kujawsko-pomorskie;mogileński;249;0;0;0;t0409
kujawsko-pomorskie;nakielski;357;0;0;0;t0410
kujawsko-pomorskie;radziejowski;567;0;0;0;t0411
kujawsko-pomorskie;rypiński;320;0;0;0;t0412
kujawsko-pomorskie;sępoleński;415;0;0;0;t0413
kujawsko-pomorskie;świecki;465;0;0;0;t0414
kujawsko-pomorskie;toruński;307;0;0;0;t0415
kujawsko-pomorskie;tucholski;350;0;0;0;t0416
kujawsko-pomorskie;wąbrzeski;155;0;0;0;t0417
kujawsko-pomorskie;włocławski;90;0;0;0;t0418
kujawsko-pomorskie;żniński;441;0;0;0;t0419
kujawsko-pomorskie;Bydgoszcz;8999;177;0;0;t0461
kujawsko-pomorskie;Grudziądz;1813;0;0;0;t0462
kujawsko-pomorskie;Toruń;3174;0;0;0;t0463
kujawsko-pomorskie;Włocławek;782;0;0;0;t0464
lubelskie;bialski;176;0;0;0;t0601
lubelskie;biłgorajski;427;0;0;0;t0602
lubelskie;chełmski;0;0;0;0;t0603
lubelskie;hrubieszowski;506;0;0;0;t0604
lubelskie;janowski;436;0;0;0;t0605
lubelskie;krasnostawski;513;48;0;0;t0606
lubelskie;kraśnicki;323;0;0;0;t0607
lubelskie;lubartowski;556;0;0;0;t0608
lubelskie;lubelski;432;0;0;0;t0609
lubelskie;łęczyński;618;0;0;0;t0610
lubelskie;łukowski;438;0;0;0;t0611
lubelskie;opolski;410;0;0;0;t0612
lubelskie;parczewski;533;0;0;0;t0613
lubelskie;puławski;2121;54;40;40;t0614
lubelskie;radzyński;536;0;0;0;t0615
lubelskie;rycki;327;0;0;0;t0616
lubelskie;świdnicki;254;0;0;0;t0617
lubelskie;tomaszowski;724;52;0;0;t0618
lubelskie;włodawski;528;0;0;0;t0619
lubelskie;zamojski;174;0;0;0;t0620
lubelskie;Biała Podlaska;1510;18;0;0;t0661
lubelskie;Chełm;1051;47;0;0;t0662
lubelskie;Lublin;11883;428;147;130;t0663
lubelskie;Zamość;1441;48;12;12;t0664
lubuskie;gorzowski;277;0;0;0;t0801
lubuskie;krośnieński;416;0;0;0;t0802
lubuskie;międzyrzecki;730;72;0;0;t0803
lubuskie;nowosolski;1063;71;0;0;t0804
lubuskie;słubicki;334;0;0;0;t0805
lubuskie;strzelecko-drezdenecki;405;0;0;0;t0806
lubuskie;sulęciński;428;0;0;0;t0807
lubuskie;świebodziński;731;0;0;0;t0808
lubuskie;zielonogórski;343;0;0;0;t0809
lubuskie;żagański;337;0;0;0;t0810
lubuskie;żarski;1282;99;0;0;t0811
lubuskie;wschowski;363;52;0;0;t0812
lubuskie;Gorzów Wielkopolski;1548;76;1;1;t0861
lubuskie;Zielona Góra;1499;108;5;5;t0862
łódzkie;bełchatowski;939;64;4;4;t1001
łódzkie;kutnowski;581;0;0;0;t1002
łódzkie;łaski;265;0;0;0;t1003
łódzkie;łęczycki;605;36;0;0;t1004
łódzkie;łowicki;1160;90;32;32;t1005
łódzkie;łódzki wschodni;104;0;0;0;t1006
łódzkie;opoczyński;543;68;0;0;t1007
łódzkie;pabianicki;898;42;0;0;t1008
łódzkie;pajęczański;270;0;0;0;t1009
łódzkie;piotrkowski;88;0;0;0;t1010
łódzkie;poddębicki;452;27;0;0;t1011
łódzkie;radomszczański;1684;77;1;0;t1012
łódzkie;rawski;217;31;0;0;t1013
łódzkie;sieradzki;1295;90;0;0;t1014
łódzkie;skierniewicki;0;0;0;0;t1015
łódzkie;tomaszowski;1195;52;0;0;t1016
łódzkie;wieluński;421;0;0;0;t1017
łódzkie;wieruszowski;142;0;0;0;t1018
łódzkie;zduńskowolski;431;0;0;0;t1019
łódzkie;zgierski;2446;126;0;0;t1020
łódzkie;brzeziński;269;0;0;0;t1021
łódzkie;Łódź;20624;1012;226;0;t1061
łódzkie;Piotrków Trybunalski;895;57;0;0;t1062
łódzkie;Skierniewice;910;24;7;7;t1063
małopolskie;bocheński;566;0;0;0;t1201
małopolskie;brzeski;708;0;0;0;t1202
małopolskie;chrzanowski;950;0;0;0;t1203
małopolskie;dąbrowski;597;0;0;0;t1204
małopolskie;gorlicki;595;0;0;0;t1205
małopolskie;krakowski;137;0;0;0;t1206
małopolskie;limanowski;601;0;0;0;t1207
małopolskie;miechowski;767;0;0;0;t1208
małopolskie;myślenicki;627;0;0;0;t1209
małopolskie;nowosądecki;265;0;0;0;t1210
małopolskie;nowotarski;1383;90;0;0;t1211
małopolskie;olkuski;611;0;0;0;t1212
małopolskie;oświęcimski;965;72;0;0;t1213
małopolskie;proszowicki;427;0;0;0;t1214
małopolskie;suski;858;0;0;0;t1215
małopolskie;tarnowski;87;0;0;0;t1216
małopolskie;tatrzański;605;0;0;0;t1217
małopolskie;wadowicki;333;0;0;0;t1218
małopolskie;wielicki;0;0;0;0;t1219
małopolskie;Kraków;19656;401;0;0;t1261
małopolskie;Nowy Sącz;858;0;0;0;t1262
małopolskie;Tarnów;2832;0;2;0;t1263
mazowieckie;białobrzeski;0;0;0;0;t1401
mazowieckie;ciechanowski;1256;54;0;0;t1402
mazowieckie;garwoliński;264;41;0;0;t1403
mazowieckie;gostyniński;68;0;0;0;t1404
mazowieckie;grodziski;1466;96;0;0;t1405
mazowieckie;grójecki;1109;166;0;0;t1406
mazowieckie;kozienicki;261;0;0;0;t1407
mazowieckie;legionowski;171;0;0;0;t1408
mazowieckie;lipski;172;0;0;0;t1409
mazowieckie;łosicki;178;0;0;0;t1410
mazowieckie;makowski;352;0;0;0;t1411
mazowieckie;miński;794;0;0;0;t1412
mazowieckie;mławski;670;42;0;0;t1413
mazowieckie;nowodworski;1849;112;0;0;t1414
mazowieckie;ostrołęcki;0;0;0;0;t1415
mazowieckie;ostrowski;630;0;0;0;t1416
mazowieckie;otwocki;684;0;0;0;t1417
mazowieckie;piaseczyński;1651;263;0;0;t1418
mazowieckie;płocki;0;0;0;0;t1419
mazowieckie;płoński;663;0;0;0;t1420
mazowieckie;pruszkowski;1781;174;0;0;t1421
mazowieckie;przasnyski;580;30;0;0;t1422
mazowieckie;przysuski;258;0;0;0;t1423
mazowieckie;pułtuski;404;0;0;0;t1424
mazowieckie;radomski;383;0;0;0;t1425
mazowieckie;siedlecki;0;0;0;0;t1426
mazowieckie;sierpecki;444;59;0;0;t1427
mazowieckie;sochaczewski;767;0;0;0;t1428
mazowieckie;sokołowski;605;90;0;0;t1429
mazowieckie;szydłowiecki;176;0;0;0;t1430
mazowieckie;warszawski zachodni;264;0;0;0;t1432
mazowieckie;węgrowski;447;0;0;0;t1433
mazowieckie;wołomiński;1799;269;0;0;t1434
mazowieckie;wyszkowski;324;0;0;0;t1435
mazowieckie;zwoleński;180;0;0;0;t1436
mazowieckie;żuromiński;418;0;0;0;t1437
mazowieckie;żyrardowski;301;0;0;0;t1438
mazowieckie;Ostrołęka;1212;0;0;0;t1461
mazowieckie;Płock;1594;0;0;0;t1462
mazowieckie;Radom;2748;187;4;4;t1463
mazowieckie;Siedlce;1474;36;0;0;t1464
mazowieckie;Warszawa;48179;1456;140;139;t1465
opolskie;brzeski;591;0;0;0;t1601
opolskie;głubczycki;768;0;0;0;t1602
opolskie;kędzierzyńsko-kozielski;1221;0;0;0;t1603
opolskie;kluczborski;348;0;0;0;t1604
opolskie;krapkowicki;934;0;0;0;t1605
opolskie;namysłowski;356;0;0;0;t1606
opolskie;nyski;2069;0;0;0;t1607
opolskie;oleski;269;0;0;0;t1608
opolskie;opolski;269;0;0;0;t1609
opolskie;prudnicki;513;0;0;0;t1610
opolskie;strzelecki;635;0;0;0;t1611
opolskie;Opole;3942;0;1;0;t1661
podkarpackie;bieszczadzki;178;0;0;0;t1801
podkarpackie;brzozowski;698;0;0;0;t1802
podkarpackie;dębicki;994;78;20;20;t1803
podkarpackie;jarosławski;524;0;0;0;t1804
podkarpackie;jasielski;342;0;0;0;t1805
podkarpackie;kolbuszowski;334;0;0;0;t1806
podkarpackie;krośnieński;79;0;0;0;t1807
podkarpackie;leżajski;340;0;0;0;t1808
podkarpackie;lubaczowski;451;0;0;0;t1809
podkarpackie;łańcucki;770;0;0;0;t1810
podkarpackie;mielecki;626;60;0;0;t1811
podkarpackie;niżański;431;0;0;0;t1812
podkarpackie;przemyski;0;0;0;0;t1813
podkarpackie;przeworski;328;0;1;0;t1814
podkarpackie;ropczycko-sędziszowski;408;0;0;0;t1815
podkarpackie;rzeszowski;233;0;0;0;t1816
podkarpackie;sanocki;517;0;0;0;t1817
podkarpackie;stalowowolski;1067;0;0;0;t1818
podkarpackie;strzyżowski;139;0;0;0;t1819
podkarpackie;tarnobrzeski;255;0;0;0;t1820
podkarpackie;leski;214;0;0;0;t1821
podkarpackie;Krosno;836;118;0;0;t1861
podkarpackie;Przemyśl;1305;0;0;0;t1862
podkarpackie;Rzeszów;6495;259;0;0;t1863
podkarpackie;Tarnobrzeg;608;0;0;0;t1864
podlaskie;augustowski;429;0;0;0;t2001
podlaskie;białostocki;742;0;0;0;t2002
podlaskie;bielski;329;0;0;0;t2003
podlaskie;grajewski;359;0;0;0;t2004
podlaskie;hajnowski;407;0;0;0;t2005
podlaskie;kolneński;422;0;0;0;t2006
podlaskie;łomżyński;0;0;0;0;t2007
podlaskie;moniecki;242;0;0;0;t2008
podlaskie;sejneński;90;0;0;0;t2009
podlaskie;siemiatycki;179;0;0;0;t2010
podlaskie;sokólski;262;0;0;0;t2011
podlaskie;suwalski;0;0;0;0;t2012
podlaskie;wysokomazowiecki;349;0;0;0;t2013
podlaskie;zambrowski;316;0;0;0;t2014
podlaskie;Białystok;7250;0;0;0;t2061
podlaskie;Łomża;928;71;0;0;t2062
podlaskie;Suwałki;858;0;0;0;t2063
pomorskie;bytowski;1037;0;0;0;t2201
pomorskie;chojnicki;431;0;0;0;t2202
pomorskie;człuchowski;332;0;0;0;t2203
pomorskie;gdański;169;0;0;0;t2204
pomorskie;kartuski;806;0;0;0;t2205
pomorskie;kościerski;940;0;0;0;t2206
pomorskie;kwidzyński;1013;0;0;0;t2207
pomorskie;lęborski;511;0;0;0;t2208
pomorskie;malborski;689;0;0;0;t2209
pomorskie;nowodworski;275;0;0;0;t2210
pomorskie;pucki;356;0;0;0;t2211
pomorskie;słupski;0;0;0;0;t2212
pomorskie;starogardzki;1341;118;0;0;t2213
pomorskie;tczewski;1295;0;0;0;t2214
pomorskie;wejherowski;1667;0;0;0;t2215
pomorskie;sztumski;405;0;0;0;t2216
pomorskie;Gdańsk;14881;381;2;0;t2261
pomorskie;Gdynia;4876;0;0;0;t2262
pomorskie;Słupsk;767;0;0;0;t2263
pomorskie;Sopot;336;0;0;0;t2264
śląskie;będziński;893;0;0;0;t2401
śląskie;bielski;693;0;0;0;t2402
śląskie;cieszyński;1643;77;1;0;t2403
śląskie;częstochowski;177;0;0;0;t2404
śląskie;gliwicki;1735;0;0;0;t2405
śląskie;kłobucki;977;0;0;0;t2406
śląskie;lubliniecki;436;90;0;0;t2407
śląskie;mikołowski;878;0;0;0;t2408
śląskie;myszkowski;946;0;0;0;t2409
śląskie;pszczyński;89;0;0;0;t2410
śląskie;raciborski;1048;0;0;0;t2411
śląskie;rybnicki;0;0;0;0;t2412
śląskie;tarnogórski;1134;0;0;0;t2413
śląskie;bieruńsko-lędziński;89;0;0;0;t2414
śląskie;wodzisławski;352;0;0;0;t2415
śląskie;zawierciański;357;0;0;0;t2416
śląskie;żywiecki;684;0;0;0;t2417
śląskie;Bielsko-Biała;4225;0;0;0;t2461
śląskie;Bytom;1984;185;0;0;t2462
śląskie;Chorzów;1312;0;0;0;t2463
śląskie;Częstochowa;3140;0;0;0;t2464
śląskie;Dąbrowa Górnicza;1192;0;0;0;t2465
śląskie;Gliwice;2660;0;0;0;t2466
śląskie;Jastrzębie-Zdrój;2316;54;0;0;t2467
śląskie;Jaworzno;358;0;0;0;t2468
śląskie;Katowice;10423;366;0;0;t2469
śląskie;Mysłowice;349;0;0;0;t2470
śląskie;Piekary Śląskie;777;0;0;0;t2471
śląskie;Ruda Śląska;1262;134;0;0;t2472
śląskie;Rybnik;1583;213;0;0;t2473
śląskie;Siemianowice Śląskie;1264;0;0;0;t2474
śląskie;Sosnowiec;2358;148;0;0;t2475
śląskie;Świętochłowice;179;0;0;0;t2476
śląskie;Tychy;1373;0;0;0;t2477
śląskie;Zabrze;3259;230;0;0;t2478
śląskie;Żory;429;0;0;0;t2479
świętokrzyskie;buski;1389;36;0;0;t2601
świętokrzyskie;jędrzejowski;428;0;0;0;t2602
świętokrzyskie;kazimierski;171;0;0;0;t2603
świętokrzyskie;kielecki;462;18;0;0;t2604
świętokrzyskie;konecki;441;0;0;0;t2605
świętokrzyskie;opatowski;426;0;0;0;t2606
świętokrzyskie;ostrowiecki;354;0;0;0;t2607
świętokrzyskie;pińczowski;355;0;0;0;t2608
świętokrzyskie;sandomierski;699;0;0;0;t2609
świętokrzyskie;skarżyski;502;0;0;0;t2610
świętokrzyskie;starachowicki;900;0;0;0;t2611
świętokrzyskie;staszowski;609;0;0;0;t2612
świętokrzyskie;włoszczowski;430;0;0;0;t2613
świętokrzyskie;Kielce;4778;0;0;0;t2661
warmińsko-mazurskie;bartoszycki;615;6;0;0;t2801
warmińsko-mazurskie;braniewski;263;0;0;0;t2802
warmińsko-mazurskie;działdowski;525;0;0;0;t2803
warmińsko-mazurskie;elbląski;177;0;0;0;t2804
warmińsko-mazurskie;ełcki;1100;0;0;0;t2805
warmińsko-mazurskie;giżycki;529;0;0;0;t2806
warmińsko-mazurskie;iławski;618;0;0;0;t2807
warmińsko-mazurskie;kętrzyński;355;0;0;0;t2808
warmińsko-mazurskie;lidzbarski;357;0;0;0;t2809
warmińsko-mazurskie;mrągowski;441;0;0;0;t2810
warmińsko-mazurskie;nidzicki;265;0;0;0;t2811
warmińsko-mazurskie;nowomiejski;260;0;0;0;t2812
warmińsko-mazurskie;olecki;266;0;0;0;t2813
warmińsko-mazurskie;olsztyński;686;0;0;0;t2814
warmińsko-mazurskie;ostródzki;738;0;0;0;t2815
warmińsko-mazurskie;piski;692;0;0;0;t2816
warmińsko-mazurskie;szczycieński;419;0;0;0;t2817
warmińsko-mazurskie;gołdapski;148;0;0;0;t2818
warmińsko-mazurskie;węgorzewski;412;0;0;0;t2819
warmińsko-mazurskie;Elbląg;2374;0;0;0;t2861
warmińsko-mazurskie;Olsztyn;6592;166;0;0;t2862
wielkopolskie;chodzieski;329;0;0;0;t3001
wielkopolskie;czarnkowsko-trzcianecki;582;0;0;0;t3002
wielkopolskie;gnieźnieński;1501;0;0;0;t3003
wielkopolskie;gostyński;780;0;0;0;t3004
wielkopolskie;grodziski;253;0;0;0;t3005
wielkopolskie;jarociński;522;0;0;0;t3006
wielkopolskie;kaliski;88;0;0;0;t3007
wielkopolskie;kępiński;414;0;0;0;t3008
wielkopolskie;kolski;270;0;0;0;t3009
wielkopolskie;koniński;1;0;0;0;t3010
wielkopolskie;kościański;807;0;0;0;t3011
wielkopolskie;krotoszyński;641;0;0;0;t3012
wielkopolskie;leszczyński;0;0;0;0;t3013
wielkopolskie;międzychodzki;493;0;0;0;t3014
wielkopolskie;nowotomyski;257;0;0;0;t3015
wielkopolskie;obornicki;473;0;0;0;t3016
wielkopolskie;ostrowski;1217;0;0;0;t3017
wielkopolskie;ostrzeszowski;195;0;0;0;t3018
wielkopolskie;pilski;1020;0;0;0;t3019
wielkopolskie;pleszewski;1076;0;0;0;t3020
wielkopolskie;poznański;1061;0;1;0;t3021
wielkopolskie;rawicki;644;0;0;0;t3022
wielkopolskie;słupecki;1013;0;0;0;t3023
wielkopolskie;szamotulski;958;0;0;0;t3024
wielkopolskie;średzki;634;0;0;0;t3025
wielkopolskie;śremski;1108;0;0;0;t3026
wielkopolskie;turecki;443;0;0;0;t3027
wielkopolskie;wągrowiecki;342;0;0;0;t3028
wielkopolskie;wolsztyński;518;0;0;0;t3029
wielkopolskie;wrzesiński;254;0;0;0;t3030
wielkopolskie;złotowski;428;0;0;0;t3031
wielkopolskie;Kalisz;1850;0;0;0;t3061
wielkopolskie;Konin;864;0;0;0;t3062
wielkopolskie;Leszno;1391;0;0;0;t3063
wielkopolskie;Poznań;17740;0;1;0;t3064
zachodniopomorskie;białogardzki;95;0;0;0;t3201
zachodniopomorskie;choszczeński;352;0;0;0;t3202
zachodniopomorskie;drawski;351;0;0;0;t3203
zachodniopomorskie;goleniowski;610;0;0;0;t3204
zachodniopomorskie;gryficki;588;0;0;0;t3205
zachodniopomorskie;gryfiński;300;0;0;0;t3206
zachodniopomorskie;kamieński;240;0;0;0;t3207
zachodniopomorskie;kołobrzeski;1085;2;0;0;t3208
zachodniopomorskie;koszaliński;0;0;0;0;t3209
zachodniopomorskie;myśliborski;357;0;0;0;t3210
zachodniopomorskie;policki;0;0;0;0;t3211
zachodniopomorskie;pyrzycki;183;0;0;0;t3212
zachodniopomorskie;sławieński;416;0;0;0;t3213
zachodniopomorskie;stargardzki;619;0;0;0;t3214
zachodniopomorskie;szczecinecki;961;0;0;0;t3215
zachodniopomorskie;świdwiński;101;0;0;0;t3216
zachodniopomorskie;wałecki;508;0;0;0;t3217
zachodniopomorskie;łobeski;0;0;0;0;t3218
zachodniopomorskie;Koszalin;1746;0;0;0;t3261
zachodniopomorskie;Szczecin;11351;1;0;0;t3262
zachodniopomorskie;Świnoujście;849;0;0;0;t3263
Cały kraj;;469466;11303;671;415;t0000
