wojewodztwo;powiat_miasto;liczba_szczepien_ogolem;liczba_szczepien_dziennie;dawka_2_ogolem;dawka_2_dziennie;teryt
woj_puste;pow_puste;12903;67;1371;4;t00
dolnośląskie;bolesławiecki;18246;0;5061;0;t0201
dolnośląskie;dzierżoniowski;16873;180;4461;0;t0202
dolnośląskie;głogowski;15365;0;3543;0;t0203
dolnośląskie;górowski;5865;0;1582;0;t0204
dolnośląskie;jaworski;9782;0;2634;0;t0205
dolnośląskie;jeleniogórski;14955;0;3998;0;t0206
dolnośląskie;kamiennogórski;6977;0;1962;0;t0207
dolnośląskie;kłodzki;39786;0;11711;0;t0208
dolnośląskie;legnicki;7858;0;1745;0;t0209
dolnośląskie;lubański;7024;0;2049;0;t0210
dolnośląskie;lubiński;34156;533;8405;0;t0211
dolnośląskie;lwówecki;9548;0;2292;0;t0212
dolnośląskie;milicki;9048;0;2476;0;t0213
dolnośląskie;oleśnicki;15174;89;3556;0;t0214
dolnośląskie;oławski;16361;0;4578;0;t0215
dolnośląskie;polkowicki;4950;0;1204;0;t0216
dolnośląskie;strzeliński;9592;0;2688;0;t0217
dolnośląskie;średzki;6548;0;1847;0;t0218
dolnośląskie;świdnicki;24783;22;6935;0;t0219
dolnośląskie;trzebnicki;18459;0;5138;0;t0220
dolnośląskie;wałbrzyski;10415;61;2910;0;t0221
dolnośląskie;wołowski;9664;0;2666;0;t0222
dolnośląskie;wrocławski;23054;0;5564;0;t0223
dolnośląskie;ząbkowicki;15488;0;4200;0;t0224
dolnośląskie;zgorzelecki;15799;0;5063;0;t0225
dolnośląskie;złotoryjski;8245;1;1791;0;t0226
dolnośląskie;Jelenia Góra;23409;0;5745;0;t0261
dolnośląskie;Legnica;18149;0;4900;0;t0262
dolnośląskie;Wrocław;258644;1755;66448;5;t0264
dolnośląskie;Wałbrzych;76077;906;17196;354;t0265
kujawsko-pomorskie;aleksandrowski;44731;925;11666;254;t0401
kujawsko-pomorskie;brodnicki;15352;60;3718;0;t0402
kujawsko-pomorskie;bydgoski;14641;0;3466;0;t0403
kujawsko-pomorskie;chełmiński;9223;0;2173;0;t0404
kujawsko-pomorskie;golubsko-dobrzyński;7024;0;1802;0;t0405
kujawsko-pomorskie;grudziądzki;3936;1;1111;0;t0406
kujawsko-pomorskie;inowrocławski;28770;0;7155;0;t0407
kujawsko-pomorskie;lipnowski;11587;0;2985;0;t0408
kujawsko-pomorskie;mogileński;6122;0;1612;0;t0409
kujawsko-pomorskie;nakielski;9076;79;1997;0;t0410
kujawsko-pomorskie;radziejowski;8927;0;2065;0;t0411
kujawsko-pomorskie;rypiński;7792;0;1938;0;t0412
kujawsko-pomorskie;sępoleński;10984;0;3224;0;t0413
kujawsko-pomorskie;świecki;16273;0;4368;0;t0414
kujawsko-pomorskie;toruński;11258;0;3214;0;t0415
kujawsko-pomorskie;tucholski;7818;29;1957;0;t0416
kujawsko-pomorskie;wąbrzeski;6323;0;1852;0;t0417
kujawsko-pomorskie;włocławski;12451;0;3385;0;t0418
kujawsko-pomorskie;żniński;10609;0;2683;0;t0419
kujawsko-pomorskie;Bydgoszcz;110525;235;26754;40;t0461
kujawsko-pomorskie;Grudziądz;27965;0;4662;0;t0462
kujawsko-pomorskie;Toruń;42407;1;11460;0;t0463
kujawsko-pomorskie;Włocławek;18577;0;4724;0;t0464
lubelskie;bialski;17667;61;5038;0;t0601
lubelskie;biłgorajski;15104;47;4212;0;t0602
lubelskie;chełmski;9950;12;2811;0;t0603
lubelskie;hrubieszowski;11999;0;3501;0;t0604
lubelskie;janowski;9800;0;2915;0;t0605
lubelskie;krasnostawski;10902;30;3335;0;t0606
lubelskie;kraśnicki;16157;0;4664;0;t0607
lubelskie;lubartowski;15570;120;4526;0;t0608
lubelskie;lubelski;22838;0;6333;0;t0609
lubelskie;łęczyński;11789;0;3122;0;t0610
lubelskie;łukowski;15892;0;4541;0;t0611
lubelskie;opolski;12010;129;3260;22;t0612
lubelskie;parczewski;8998;0;2591;0;t0613
lubelskie;puławski;29252;0;7561;0;t0614
lubelskie;radzyński;10004;0;3218;0;t0615
lubelskie;rycki;15364;0;3958;0;t0616
lubelskie;świdnicki;11491;0;3338;0;t0617
lubelskie;tomaszowski;15244;19;4300;18;t0618
lubelskie;włodawski;10616;0;2834;0;t0619
lubelskie;zamojski;14777;0;4333;0;t0620
lubelskie;Biała Podlaska;19478;0;4533;0;t0661
lubelskie;Chełm;16117;140;3543;5;t0662
lubelskie;Lublin;146279;668;41750;338;t0663
lubelskie;Zamość;25787;45;5655;30;t0664
lubuskie;gorzowski;9242;12;2519;12;t0801
lubuskie;krośnieński;13116;0;2955;0;t0802
lubuskie;międzyrzecki;18776;0;4305;0;t0803
lubuskie;nowosolski;20833;154;4901;0;t0804
lubuskie;słubicki;8518;0;2091;0;t0805
lubuskie;strzelecko-drezdenecki;10885;81;2912;29;t0806
lubuskie;sulęciński;6408;0;1815;0;t0807
lubuskie;świebodziński;12464;106;3749;78;t0808
lubuskie;zielonogórski;23175;0;4013;0;t0809
lubuskie;żagański;11021;0;2925;0;t0810
lubuskie;żarski;26987;111;5699;59;t0811
lubuskie;wschowski;4374;0;1235;0;t0812
lubuskie;Gorzów Wielkopolski;31710;119;7862;0;t0861
lubuskie;Zielona Góra;36310;273;10745;217;t0862
łódzkie;bełchatowski;16721;0;4748;0;t1001
łódzkie;kutnowski;19973;0;4745;0;t1002
łódzkie;łaski;6893;0;1884;0;t1003
łódzkie;łęczycki;12440;31;3461;0;t1004
łódzkie;łowicki;24324;190;7519;0;t1005
łódzkie;łódzki wschodni;8425;1;2165;0;t1006
łódzkie;opoczyński;12886;20;3335;0;t1007
łódzkie;pabianicki;24060;1;5775;0;t1008
łódzkie;pajęczański;6888;0;1637;0;t1009
łódzkie;piotrkowski;10618;35;2801;1;t1010
łódzkie;poddębicki;7023;0;1766;0;t1011
łódzkie;radomszczański;22029;60;5723;0;t1012
łódzkie;rawski;7287;0;2128;0;t1013
łódzkie;sieradzki;22031;263;4656;0;t1014
łódzkie;skierniewicki;6022;0;1561;0;t1015
łódzkie;tomaszowski;22618;0;5560;0;t1016
łódzkie;wieluński;17100;101;3995;0;t1017
łódzkie;wieruszowski;7731;0;2077;0;t1018
łódzkie;zduńskowolski;11156;0;3206;0;t1019
łódzkie;zgierski;27408;0;7281;0;t1020
łódzkie;brzeziński;9486;0;2931;0;t1021
łódzkie;Łódź;245875;1178;66696;16;t1061
łódzkie;Piotrków Trybunalski;18396;68;4870;0;t1062
łódzkie;Skierniewice;17130;1;4042;1;t1063
małopolskie;bocheński;14555;106;3281;0;t1201
małopolskie;brzeski;16524;0;4485;0;t1202
małopolskie;chrzanowski;25514;0;6513;0;t1203
małopolskie;dąbrowski;9849;0;2755;0;t1204
małopolskie;gorlicki;21743;0;6371;0;t1205
małopolskie;krakowski;34103;1;8605;1;t1206
małopolskie;limanowski;20393;0;5390;0;t1207
małopolskie;miechowski;17275;102;4476;0;t1208
małopolskie;myślenicki;18355;52;4575;0;t1209
małopolskie;nowosądecki;31185;250;8041;52;t1210
małopolskie;nowotarski;31857;0;8211;0;t1211
małopolskie;olkuski;18414;24;4273;23;t1212
małopolskie;oświęcimski;20918;0;5420;0;t1213
małopolskie;proszowicki;7458;0;2061;0;t1214
małopolskie;suski;17041;0;4738;0;t1215
małopolskie;tarnowski;21840;46;6125;0;t1216
małopolskie;tatrzański;9755;0;2949;0;t1217
małopolskie;wadowicki;19085;0;4891;0;t1218
małopolskie;wielicki;14480;0;3037;0;t1219
małopolskie;Kraków;311744;3333;77486;12;t1261
małopolskie;Nowy Sącz;13808;0;3013;0;t1262
małopolskie;Tarnów;25393;118;6078;2;t1263
mazowieckie;białobrzeski;7687;100;1824;0;t1401
mazowieckie;ciechanowski;22720;0;6599;0;t1402
mazowieckie;garwoliński;16587;0;3849;0;t1403
mazowieckie;gostyniński;8139;0;2280;0;t1404
mazowieckie;grodziski;23691;0;6171;0;t1405
mazowieckie;grójecki;23802;0;5196;0;t1406
mazowieckie;kozienicki;10377;0;2611;0;t1407
mazowieckie;legionowski;14278;0;3229;0;t1408
mazowieckie;lipski;8678;0;2470;0;t1409
mazowieckie;łosicki;5379;0;1478;0;t1410
mazowieckie;makowski;10052;0;2817;0;t1411
mazowieckie;miński;27007;365;5626;150;t1412
mazowieckie;mławski;14578;0;3953;0;t1413
mazowieckie;nowodworski;22078;316;5560;2;t1414
mazowieckie;ostrołęcki;14182;0;3916;0;t1415
mazowieckie;ostrowski;12352;0;3428;0;t1416
mazowieckie;otwocki;24192;0;7416;0;t1417
mazowieckie;piaseczyński;44715;192;9749;25;t1418
mazowieckie;płocki;18970;0;5055;0;t1419
mazowieckie;płoński;13786;0;3870;0;t1420
mazowieckie;pruszkowski;23115;0;6069;0;t1421
mazowieckie;przasnyski;11429;0;3150;0;t1422
mazowieckie;przysuski;7589;0;2087;0;t1423
mazowieckie;pułtuski;12426;60;3571;0;t1424
mazowieckie;radomski;16705;0;4716;0;t1425
mazowieckie;siedlecki;9607;0;2798;0;t1426
mazowieckie;sierpecki;10586;0;2591;0;t1427
mazowieckie;sochaczewski;15381;0;3159;0;t1428
mazowieckie;sokołowski;12957;126;3413;0;t1429
mazowieckie;szydłowiecki;4318;29;1347;0;t1430
mazowieckie;warszawski zachodni;22341;0;5722;0;t1432
mazowieckie;węgrowski;12400;0;3442;0;t1433
mazowieckie;wołomiński;37884;419;9636;0;t1434
mazowieckie;wyszkowski;15239;0;4436;0;t1435
mazowieckie;zwoleński;7288;174;1844;0;t1436
mazowieckie;żuromiński;7619;0;2067;0;t1437
mazowieckie;żyrardowski;13516;0;3493;0;t1438
mazowieckie;Ostrołęka;25494;0;6314;0;t1461
mazowieckie;Płock;36510;221;9862;95;t1462
mazowieckie;Radom;59590;226;15856;217;t1463
mazowieckie;Siedlce;38370;695;9765;228;t1464
mazowieckie;Warszawa;644649;5782;163775;406;t1465
opolskie;brzeski;18667;0;4489;0;t1601
opolskie;głubczycki;11233;0;3311;0;t1602
opolskie;kędzierzyńsko-kozielski;18108;0;4925;0;t1603
opolskie;kluczborski;12477;0;2901;0;t1604
opolskie;krapkowicki;16975;0;3491;0;t1605
opolskie;namysłowski;6787;0;1877;0;t1606
opolskie;nyski;21388;0;6232;0;t1607
opolskie;oleski;12580;0;3504;0;t1608
opolskie;opolski;19661;163;5432;30;t1609
opolskie;prudnicki;9242;0;2660;0;t1610
opolskie;strzelecki;12514;0;3627;0;t1611
opolskie;Opole;55226;0;16810;0;t1661
podkarpackie;bieszczadzki;3008;13;854;0;t1801
podkarpackie;brzozowski;15083;13;3881;3;t1802
podkarpackie;dębicki;19373;1;5470;0;t1803
podkarpackie;jarosławski;11203;0;2819;0;t1804
podkarpackie;jasielski;17093;0;5043;0;t1805
podkarpackie;kolbuszowski;6971;0;2063;0;t1806
podkarpackie;krośnieński;17095;0;5291;0;t1807
podkarpackie;leżajski;11194;0;3308;0;t1808
podkarpackie;lubaczowski;11515;109;3127;7;t1809
podkarpackie;łańcucki;13389;0;3680;0;t1810
podkarpackie;mielecki;23986;0;6264;0;t1811
podkarpackie;niżański;10163;0;3032;0;t1812
podkarpackie;przemyski;5910;0;1696;0;t1813
podkarpackie;przeworski;9898;0;2993;0;t1814
podkarpackie;ropczycko-sędziszowski;10865;0;3007;0;t1815
podkarpackie;rzeszowski;19783;100;6252;0;t1816
podkarpackie;sanocki;11524;0;3090;0;t1817
podkarpackie;stalowowolski;24693;0;7234;0;t1818
podkarpackie;strzyżowski;9388;78;2919;29;t1819
podkarpackie;tarnobrzeski;4806;0;1383;0;t1820
podkarpackie;leski;3738;0;947;0;t1821
podkarpackie;Krosno;12169;0;2758;0;t1861
podkarpackie;Przemyśl;14926;0;4174;0;t1862
podkarpackie;Rzeszów;158398;2074;37229;408;t1863
podkarpackie;Tarnobrzeg;16240;0;3983;0;t1864
podlaskie;augustowski;11341;0;3182;0;t2001
podlaskie;białostocki;21593;0;7017;0;t2002
podlaskie;bielski;13069;0;4034;0;t2003
podlaskie;grajewski;6988;0;2130;0;t2004
podlaskie;hajnowski;10650;1;3252;0;t2005
podlaskie;kolneński;7497;0;2230;0;t2006
podlaskie;łomżyński;4809;0;1374;0;t2007
podlaskie;moniecki;6865;0;1988;0;t2008
podlaskie;sejneński;3857;0;1080;0;t2009
podlaskie;siemiatycki;7909;31;2283;0;t2010
podlaskie;sokólski;12254;0;3211;0;t2011
podlaskie;suwalski;3044;0;1029;0;t2012
podlaskie;wysokomazowiecki;14354;0;4160;0;t2013
podlaskie;zambrowski;5108;0;1510;0;t2014
podlaskie;Białystok;130370;433;32632;0;t2061
podlaskie;Łomża;18171;0;4739;0;t2062
podlaskie;Suwałki;14727;2;3927;0;t2063
pomorskie;bytowski;18486;0;5360;0;t2201
pomorskie;chojnicki;17898;2;4024;0;t2202
pomorskie;człuchowski;9792;0;2712;0;t2203
pomorskie;gdański;12458;0;3692;0;t2204
pomorskie;kartuski;20001;0;5792;0;t2205
pomorskie;kościerski;16334;0;4510;0;t2206
pomorskie;kwidzyński;12192;0;3225;0;t2207
pomorskie;lęborski;14159;0;4127;0;t2208
pomorskie;malborski;11013;0;3017;0;t2209
pomorskie;nowodworski;9052;0;2372;0;t2210
pomorskie;pucki;11290;0;3097;0;t2211
pomorskie;słupski;9702;0;2789;0;t2212
pomorskie;starogardzki;23500;0;6959;0;t2213
pomorskie;tczewski;18463;0;5245;0;t2214
pomorskie;wejherowski;34392;65;8822;0;t2215
pomorskie;sztumski;8935;0;2507;0;t2216
pomorskie;Gdańsk;193534;902;52352;235;t2261
pomorskie;Gdynia;75112;144;19364;36;t2262
pomorskie;Słupsk;19335;0;4691;0;t2263
pomorskie;Sopot;34163;339;10581;0;t2264
śląskie;będziński;19291;0;5110;0;t2401
śląskie;bielski;23533;204;6344;0;t2402
śląskie;cieszyński;33757;106;9825;0;t2403
śląskie;częstochowski;19550;0;4876;0;t2404
śląskie;gliwicki;26733;144;7227;0;t2405
śląskie;kłobucki;13657;0;3864;0;t2406
śląskie;lubliniecki;13523;103;3953;0;t2407
śląskie;mikołowski;13896;5;3721;0;t2408
śląskie;myszkowski;14009;31;3730;0;t2409
śląskie;pszczyński;9657;61;2588;0;t2410
śląskie;raciborski;24641;97;6503;0;t2411
śląskie;rybnicki;5736;60;1088;1;t2412
śląskie;tarnogórski;40293;457;10689;46;t2413
śląskie;bieruńsko-lędziński;8119;1;2219;0;t2414
śląskie;wodzisławski;21613;0;5244;0;t2415
śląskie;zawierciański;19424;0;4323;0;t2416
śląskie;żywiecki;22434;0;6151;0;t2417
śląskie;Bielsko-Biała;46676;1;11522;0;t2461
śląskie;Bytom;25233;1;7504;0;t2462
śląskie;Chorzów;39435;387;13349;0;t2463
śląskie;Częstochowa;60661;0;13362;0;t2464
śląskie;Dąbrowa Górnicza;17206;0;4296;0;t2465
śląskie;Gliwice;61959;542;10337;2;t2466
śląskie;Jastrzębie-Zdrój;13019;0;4173;0;t2467
śląskie;Jaworzno;13623;361;3329;0;t2468
śląskie;Katowice;170578;1281;40737;222;t2469
śląskie;Mysłowice;15406;0;3804;0;t2470
śląskie;Piekary Śląskie;8100;0;2118;0;t2471
śląskie;Ruda Śląska;34253;778;7022;0;t2472
śląskie;Rybnik;16564;0;3803;0;t2473
śląskie;Siemianowice Śląskie;21759;214;4326;0;t2474
śląskie;Sosnowiec;45660;0;8172;0;t2475
śląskie;Świętochłowice;10194;31;2604;0;t2476
śląskie;Tychy;25975;0;7059;0;t2477
śląskie;Zabrze;33831;95;9355;0;t2478
śląskie;Żory;9753;0;2257;0;t2479
świętokrzyskie;buski;15005;0;4407;0;t2601
świętokrzyskie;jędrzejowski;14518;0;3647;0;t2602
świętokrzyskie;kazimierski;5851;96;1493;5;t2603
świętokrzyskie;kielecki;27515;0;7432;0;t2604
świętokrzyskie;konecki;12179;0;3607;0;t2605
świętokrzyskie;opatowski;9434;0;2781;0;t2606
świętokrzyskie;ostrowiecki;19199;0;4856;0;t2607
świętokrzyskie;pińczowski;7872;0;2064;0;t2608
świętokrzyskie;sandomierski;18430;30;4545;27;t2609
świętokrzyskie;skarżyski;10147;0;2620;0;t2610
świętokrzyskie;starachowicki;13891;114;3609;0;t2611
świętokrzyskie;staszowski;10434;0;3096;0;t2612
świętokrzyskie;włoszczowski;11598;0;3149;0;t2613
świętokrzyskie;Kielce;73923;340;17869;90;t2661
warmińsko-mazurskie;bartoszycki;13312;1;2819;0;t2801
warmińsko-mazurskie;braniewski;8055;0;2298;0;t2802
warmińsko-mazurskie;działdowski;11250;0;2707;0;t2803
warmińsko-mazurskie;elbląski;8852;0;2559;0;t2804
warmińsko-mazurskie;ełcki;21311;21;4643;0;t2805
warmińsko-mazurskie;giżycki;10071;0;2502;0;t2806
warmińsko-mazurskie;iławski;12975;0;2968;0;t2807
warmińsko-mazurskie;kętrzyński;9314;0;2422;0;t2808
warmińsko-mazurskie;lidzbarski;7732;0;2013;0;t2809
warmińsko-mazurskie;mrągowski;6924;0;1816;0;t2810
warmińsko-mazurskie;nidzicki;15149;89;5237;11;t2811
warmińsko-mazurskie;nowomiejski;7876;0;2050;0;t2812
warmińsko-mazurskie;olecki;6018;0;1489;0;t2813
warmińsko-mazurskie;olsztyński;24845;0;6298;0;t2814
warmińsko-mazurskie;ostródzki;14757;0;4026;0;t2815
warmińsko-mazurskie;piski;15959;0;4282;0;t2816
warmińsko-mazurskie;szczycieński;14317;67;3369;1;t2817
warmińsko-mazurskie;gołdapski;5011;0;1312;0;t2818
warmińsko-mazurskie;węgorzewski;4338;0;1228;0;t2819
warmińsko-mazurskie;Elbląg;33063;0;8030;0;t2861
warmińsko-mazurskie;Olsztyn;64835;571;16662;0;t2862
wielkopolskie;chodzieski;7152;0;1863;0;t3001
wielkopolskie;czarnkowsko-trzcianecki;19550;2;4204;0;t3002
wielkopolskie;gnieźnieński;28858;0;7344;0;t3003
wielkopolskie;gostyński;18155;31;4830;0;t3004
wielkopolskie;grodziski;7352;0;1863;0;t3005
wielkopolskie;jarociński;11110;0;2715;0;t3006
wielkopolskie;kaliski;12569;0;3605;0;t3007
wielkopolskie;kępiński;9215;0;2551;0;t3008
wielkopolskie;kolski;12211;0;3296;0;t3009
wielkopolskie;koniński;17121;0;4337;0;t3010
wielkopolskie;kościański;9627;0;2112;0;t3011
wielkopolskie;krotoszyński;13322;58;3990;0;t3012
wielkopolskie;leszczyński;5140;0;1396;0;t3013
wielkopolskie;międzychodzki;8173;0;2145;0;t3014
wielkopolskie;nowotomyski;13231;0;3923;0;t3015
wielkopolskie;obornicki;15222;0;4163;0;t3016
wielkopolskie;ostrowski;29433;0;8110;0;t3017
wielkopolskie;ostrzeszowski;11189;0;3150;0;t3018
wielkopolskie;pilski;24052;0;5969;0;t3019
wielkopolskie;pleszewski;15345;0;4581;0;t3020
wielkopolskie;poznański;43416;233;10608;2;t3021
wielkopolskie;rawicki;10043;0;2765;0;t3022
wielkopolskie;słupecki;11335;0;3531;0;t3023
wielkopolskie;szamotulski;14782;0;4045;0;t3024
wielkopolskie;średzki;8690;0;2153;0;t3025
wielkopolskie;śremski;10578;0;3276;0;t3026
wielkopolskie;turecki;11121;0;2972;0;t3027
wielkopolskie;wągrowiecki;5278;0;1178;0;t3028
wielkopolskie;wolsztyński;10177;0;2383;0;t3029
wielkopolskie;wrzesiński;11336;56;2445;0;t3030
wielkopolskie;złotowski;9919;0;2613;0;t3031
wielkopolskie;Kalisz;25545;0;5273;0;t3061
wielkopolskie;Konin;20115;211;4194;66;t3062
wielkopolskie;Leszno;12750;0;3094;0;t3063
wielkopolskie;Poznań;275703;3548;68868;60;t3064
zachodniopomorskie;białogardzki;10244;0;1749;0;t3201
zachodniopomorskie;choszczeński;9685;0;2651;0;t3202
zachodniopomorskie;drawski;14008;0;3239;0;t3203
zachodniopomorskie;goleniowski;14638;0;3782;0;t3204
zachodniopomorskie;gryficki;9016;0;2665;0;t3205
zachodniopomorskie;gryfiński;13915;108;3793;0;t3206
zachodniopomorskie;kamieński;9484;0;2238;0;t3207
zachodniopomorskie;kołobrzeski;21901;0;5289;0;t3208
zachodniopomorskie;koszaliński;9911;0;2746;0;t3209
zachodniopomorskie;myśliborski;8547;0;2013;0;t3210
zachodniopomorskie;policki;10427;0;2538;0;t3211
zachodniopomorskie;pyrzycki;5784;0;1384;0;t3212
zachodniopomorskie;sławieński;11468;0;2394;0;t3213
zachodniopomorskie;stargardzki;18266;326;4404;2;t3214
zachodniopomorskie;szczecinecki;21801;0;4852;0;t3215
zachodniopomorskie;świdwiński;7808;59;1754;3;t3216
zachodniopomorskie;wałecki;8534;0;2039;0;t3217
zachodniopomorskie;łobeski;4363;0;1043;0;t3218
zachodniopomorskie;Koszalin;28260;0;7267;0;t3261
zachodniopomorskie;Szczecin;143917;1377;35574;3;t3262
zachodniopomorskie;Świnoujście;10343;0;2725;0;t3263
Cały kraj;;8893076;38525;2293779;3985;t0000
