wojewodztwo;powiat_miasto;liczba_szczepien_ogolem;liczba_szczepien_dziennie;dawka_2_ogolem;dawka_2_dziennie;teryt
woj_puste;pow_puste;1;0;1;0;t00
dolnośląskie;bolesławiecki;1675;0;1;0;t0201
dolnośląskie;dzierżoniowski;1127;0;0;0;t0202
dolnośląskie;głogowski;1025;197;0;0;t0203
dolnośląskie;górowski;88;0;0;0;t0204
dolnośląskie;jaworski;552;0;0;0;t0205
dolnośląskie;jeleniogórski;526;0;0;0;t0206
dolnośląskie;kamiennogórski;797;125;0;0;t0207
dolnośląskie;kłodzki;3587;0;75;0;t0208
dolnośląskie;legnicki;0;0;0;0;t0209
dolnośląskie;lubański;628;0;0;0;t0210
dolnośląskie;lubiński;2418;0;0;0;t0211
dolnośląskie;lwówecki;708;0;77;0;t0212
dolnośląskie;milicki;505;37;0;0;t0213
dolnośląskie;oleśnicki;1129;0;78;0;t0214
dolnośląskie;oławski;1052;0;0;0;t0215
dolnośląskie;polkowicki;0;0;0;0;t0216
dolnośląskie;strzeliński;506;0;0;0;t0217
dolnośląskie;średzki;89;0;0;0;t0218
dolnośląskie;świdnicki;2224;0;253;0;t0219
dolnośląskie;trzebnicki;1364;96;0;0;t0220
dolnośląskie;wałbrzyski;776;0;0;0;t0221
dolnośląskie;wołowski;535;0;0;0;t0222
dolnośląskie;wrocławski;425;52;0;0;t0223
dolnośląskie;ząbkowicki;1411;0;144;0;t0224
dolnośląskie;zgorzelecki;2486;0;456;0;t0225
dolnośląskie;złotoryjski;422;0;0;0;t0226
dolnośląskie;Jelenia Góra;2150;30;71;0;t0261
dolnośląskie;Legnica;2681;0;288;0;t0262
dolnośląskie;Wrocław;28263;385;2421;4;t0264
dolnośląskie;Wałbrzych;3445;162;593;86;t0265
kujawsko-pomorskie;aleksandrowski;1283;61;147;17;t0401
kujawsko-pomorskie;brodnicki;861;0;73;0;t0402
kujawsko-pomorskie;bydgoski;263;0;0;0;t0403
kujawsko-pomorskie;chełmiński;600;0;72;0;t0404
kujawsko-pomorskie;golubsko-dobrzyński;413;0;0;0;t0405
kujawsko-pomorskie;grudziądzki;85;0;0;0;t0406
kujawsko-pomorskie;inowrocławski;2178;0;224;0;t0407
kujawsko-pomorskie;lipnowski;858;0;158;0;t0408
kujawsko-pomorskie;mogileński;483;0;56;0;t0409
kujawsko-pomorskie;nakielski;446;0;0;0;t0410
kujawsko-pomorskie;radziejowski;831;0;173;0;t0411
kujawsko-pomorskie;rypiński;590;0;219;0;t0412
kujawsko-pomorskie;sępoleński;856;0;72;0;t0413
kujawsko-pomorskie;świecki;819;0;1;0;t0414
kujawsko-pomorskie;toruński;468;18;0;0;t0415
kujawsko-pomorskie;tucholski;350;0;0;0;t0416
kujawsko-pomorskie;wąbrzeski;247;0;0;0;t0417
kujawsko-pomorskie;włocławski;433;0;0;0;t0418
kujawsko-pomorskie;żniński;880;0;0;0;t0419
kujawsko-pomorskie;Bydgoszcz;12671;268;749;0;t0461
kujawsko-pomorskie;Grudziądz;2413;174;217;0;t0462
kujawsko-pomorskie;Toruń;5480;120;560;0;t0463
kujawsko-pomorskie;Włocławek;2108;400;73;1;t0464
lubelskie;bialski;484;42;0;0;t0601
lubelskie;biłgorajski;790;0;72;0;t0602
lubelskie;chełmski;79;0;0;0;t0603
lubelskie;hrubieszowski;596;0;77;0;t0604
lubelskie;janowski;917;90;0;0;t0605
lubelskie;krasnostawski;1011;0;0;0;t0606
lubelskie;kraśnicki;770;19;0;0;t0607
lubelskie;lubartowski;1126;0;0;0;t0608
lubelskie;lubelski;881;0;0;0;t0609
lubelskie;łęczyński;708;0;0;0;t0610
lubelskie;łukowski;1241;0;0;0;t0611
lubelskie;opolski;586;0;73;0;t0612
lubelskie;parczewski;708;0;0;0;t0613
lubelskie;puławski;2693;0;220;0;t0614
lubelskie;radzyński;626;0;0;0;t0615
lubelskie;rycki;507;0;72;0;t0616
lubelskie;świdnicki;525;1;0;0;t0617
lubelskie;tomaszowski;1171;66;72;66;t0618
lubelskie;włodawski;766;77;74;2;t0619
lubelskie;zamojski;441;0;0;0;t0620
lubelskie;Biała Podlaska;2786;242;292;1;t0661
lubelskie;Chełm;1703;48;214;0;t0662
lubelskie;Lublin;15638;358;681;1;t0663
lubelskie;Zamość;1968;0;217;0;t0664
lubuskie;gorzowski;277;0;0;0;t0801
lubuskie;krośnieński;680;0;74;0;t0802
lubuskie;międzyrzecki;1445;0;69;0;t0803
lubuskie;nowosolski;1443;9;84;0;t0804
lubuskie;słubicki;424;0;74;0;t0805
lubuskie;strzelecko-drezdenecki;609;0;73;0;t0806
lubuskie;sulęciński;518;0;71;0;t0807
lubuskie;świebodziński;1071;30;135;0;t0808
lubuskie;zielonogórski;1000;0;79;0;t0809
lubuskie;żagański;517;60;83;60;t0810
lubuskie;żarski;1792;6;241;6;t0811
lubuskie;wschowski;473;0;84;0;t0812
lubuskie;Gorzów Wielkopolski;3103;207;229;0;t0861
lubuskie;Zielona Góra;2200;96;233;0;t0862
łódzkie;bełchatowski;1620;0;268;0;t1001
łódzkie;kutnowski;1208;0;60;0;t1002
łódzkie;łaski;355;30;0;0;t1003
łódzkie;łęczycki;1134;0;71;0;t1004
łódzkie;łowicki;1966;0;162;0;t1005
łódzkie;łódzki wschodni;277;0;0;0;t1006
łódzkie;opoczyński;820;6;70;0;t1007
łódzkie;pabianicki;1536;0;1;0;t1008
łódzkie;pajęczański;426;66;0;0;t1009
łódzkie;piotrkowski;234;0;0;0;t1010
łódzkie;poddębicki;578;0;0;0;t1011
łódzkie;radomszczański;2289;0;383;0;t1012
łódzkie;rawski;322;42;0;0;t1013
łódzkie;sieradzki;1656;49;148;0;t1014
łódzkie;skierniewicki;0;0;0;0;t1015
łódzkie;tomaszowski;1618;0;76;0;t1016
łódzkie;wieluński;578;0;0;0;t1017
łódzkie;wieruszowski;286;47;73;47;t1018
łódzkie;zduńskowolski;876;0;75;0;t1019
łódzkie;zgierski;3723;27;878;24;t1020
łódzkie;brzeziński;442;0;0;0;t1021
łódzkie;Łódź;26764;515;1704;3;t1061
łódzkie;Piotrków Trybunalski;1700;101;71;0;t1062
łódzkie;Skierniewice;1374;18;140;0;t1063
małopolskie;bocheński;839;0;90;0;t1201
małopolskie;brzeski;1067;0;82;0;t1202
małopolskie;chrzanowski;1302;0;141;0;t1203
małopolskie;dąbrowski;914;0;71;0;t1204
małopolskie;gorlicki;1293;159;51;0;t1205
małopolskie;krakowski;848;36;0;0;t1206
małopolskie;limanowski;1216;0;84;0;t1207
małopolskie;miechowski;1213;0;150;0;t1208
małopolskie;myślenicki;909;0;0;0;t1209
małopolskie;nowosądecki;712;0;0;0;t1210
małopolskie;nowotarski;1883;0;80;0;t1211
małopolskie;olkuski;874;0;0;0;t1212
małopolskie;oświęcimski;1503;0;70;0;t1213
małopolskie;proszowicki;696;0;74;0;t1214
małopolskie;suski;1219;0;141;0;t1215
małopolskie;tarnowski;761;0;0;0;t1216
małopolskie;tatrzański;943;0;72;0;t1217
małopolskie;wadowicki;961;60;66;0;t1218
małopolskie;wielicki;293;0;0;0;t1219
małopolskie;Kraków;29694;473;1731;0;t1261
małopolskie;Nowy Sącz;1395;0;76;0;t1262
małopolskie;Tarnów;3809;0;294;0;t1263
mazowieckie;białobrzeski;245;0;0;0;t1401
mazowieckie;ciechanowski;2059;170;136;1;t1402
mazowieckie;garwoliński;651;37;0;0;t1403
mazowieckie;gostyniński;474;0;0;0;t1404
mazowieckie;grodziski;2488;0;77;0;t1405
mazowieckie;grójecki;1593;0;142;0;t1406
mazowieckie;kozienicki;428;30;81;30;t1407
mazowieckie;legionowski;351;0;0;0;t1408
mazowieckie;lipski;436;54;0;0;t1409
mazowieckie;łosicki;178;0;0;0;t1410
mazowieckie;makowski;493;0;0;0;t1411
mazowieckie;miński;1242;90;0;0;t1412
mazowieckie;mławski;1084;48;168;40;t1413
mazowieckie;nowodworski;3127;0;0;0;t1414
mazowieckie;ostrołęcki;124;0;0;0;t1415
mazowieckie;ostrowski;936;72;0;0;t1416
mazowieckie;otwocki;1479;0;0;0;t1417
mazowieckie;piaseczyński;3197;67;0;0;t1418
mazowieckie;płocki;968;0;1;0;t1419
mazowieckie;płoński;988;11;48;0;t1420
mazowieckie;pruszkowski;3056;43;0;0;t1421
mazowieckie;przasnyski;846;0;75;0;t1422
mazowieckie;przysuski;440;0;78;0;t1423
mazowieckie;pułtuski;778;0;0;0;t1424
mazowieckie;radomski;964;0;122;0;t1425
mazowieckie;siedlecki;88;0;0;0;t1426
mazowieckie;sierpecki;532;0;0;0;t1427
mazowieckie;sochaczewski;1402;132;501;93;t1428
mazowieckie;sokołowski;809;0;69;0;t1429
mazowieckie;szydłowiecki;266;0;0;0;t1430
mazowieckie;warszawski zachodni;1319;0;0;0;t1432
mazowieckie;węgrowski;715;0;0;0;t1433
mazowieckie;wołomiński;3382;84;144;0;t1434
mazowieckie;wyszkowski;1194;78;70;0;t1435
mazowieckie;zwoleński;270;0;0;0;t1436
mazowieckie;żuromiński;585;0;149;0;t1437
mazowieckie;żyrardowski;450;0;75;0;t1438
mazowieckie;Ostrołęka;1653;0;145;0;t1461
mazowieckie;Płock;2134;180;72;0;t1462
mazowieckie;Radom;4085;0;255;0;t1463
mazowieckie;Siedlce;2100;90;276;7;t1464
mazowieckie;Warszawa;62022;2081;3372;461;t1465
opolskie;brzeski;1027;41;155;0;t1601
opolskie;głubczycki;1592;0;72;0;t1602
opolskie;kędzierzyńsko-kozielski;1579;0;73;0;t1603
opolskie;kluczborski;879;47;0;0;t1604
opolskie;krapkowicki;1301;0;147;0;t1605
opolskie;namysłowski;442;0;0;0;t1606
opolskie;nyski;2883;21;383;0;t1607
opolskie;oleski;532;0;0;0;t1608
opolskie;opolski;713;0;0;0;t1609
opolskie;prudnicki;1136;0;74;0;t1610
opolskie;strzelecki;1695;4;371;0;t1611
opolskie;Opole;5458;138;295;2;t1661
podkarpackie;bieszczadzki;265;0;0;0;t1801
podkarpackie;brzozowski;1134;1;86;0;t1802
podkarpackie;dębicki;1441;42;287;2;t1803
podkarpackie;jarosławski;894;0;0;0;t1804
podkarpackie;jasielski;610;0;76;0;t1805
podkarpackie;kolbuszowski;334;0;0;0;t1806
podkarpackie;krośnieński;349;108;0;0;t1807
podkarpackie;leżajski;778;0;74;0;t1808
podkarpackie;lubaczowski;1263;0;0;0;t1809
podkarpackie;łańcucki;1166;64;152;0;t1810
podkarpackie;mielecki;1145;18;54;2;t1811
podkarpackie;niżański;431;0;0;0;t1812
podkarpackie;przemyski;88;0;0;0;t1813
podkarpackie;przeworski;591;0;75;0;t1814
podkarpackie;ropczycko-sędziszowski;515;0;69;0;t1815
podkarpackie;rzeszowski;503;0;71;0;t1816
podkarpackie;sanocki;787;0;159;0;t1817
podkarpackie;stalowowolski;1912;172;72;0;t1818
podkarpackie;strzyżowski;394;0;0;0;t1819
podkarpackie;tarnobrzeski;345;0;0;0;t1820
podkarpackie;leski;310;0;75;0;t1821
podkarpackie;Krosno;1048;0;79;0;t1861
podkarpackie;Przemyśl;1929;0;151;0;t1862
podkarpackie;Rzeszów;9501;359;517;0;t1863
podkarpackie;Tarnobrzeg;1322;0;77;0;t1864
podlaskie;augustowski;716;0;74;0;t2001
podlaskie;białostocki;2071;121;70;0;t2002
podlaskie;bielski;769;0;151;0;t2003
podlaskie;grajewski;625;5;176;0;t2004
podlaskie;hajnowski;945;0;147;0;t2005
podlaskie;kolneński;512;0;73;0;t2006
podlaskie;łomżyński;0;0;0;0;t2007
podlaskie;moniecki;385;0;72;0;t2008
podlaskie;sejneński;267;0;0;0;t2009
podlaskie;siemiatycki;358;0;0;0;t2010
podlaskie;sokólski;523;0;0;0;t2011
podlaskie;suwalski;0;0;0;0;t2012
podlaskie;wysokomazowiecki;612;89;0;0;t2013
podlaskie;zambrowski;495;0;150;0;t2014
podlaskie;Białystok;9801;84;824;0;t2061
podlaskie;Łomża;1387;89;142;1;t2062
podlaskie;Suwałki;1190;0;118;0;t2063
pomorskie;bytowski;1485;0;149;0;t2201
pomorskie;chojnicki;789;0;72;0;t2202
pomorskie;człuchowski;775;81;95;0;t2203
pomorskie;gdański;492;51;0;0;t2204
pomorskie;kartuski;1942;48;0;0;t2205
pomorskie;kościerski;1718;0;146;0;t2206
pomorskie;kwidzyński;1579;0;81;0;t2207
pomorskie;lęborski;1049;0;2;0;t2208
pomorskie;malborski;867;0;78;0;t2209
pomorskie;nowodworski;364;0;0;0;t2210
pomorskie;pucki;708;0;75;0;t2211
pomorskie;słupski;351;0;0;0;t2212
pomorskie;starogardzki;1727;0;0;0;t2213
pomorskie;tczewski;2180;5;0;0;t2214
pomorskie;wejherowski;3208;0;325;0;t2215
pomorskie;sztumski;741;72;142;1;t2216
pomorskie;Gdańsk;19509;312;2118;124;t2261
pomorskie;Gdynia;6490;105;525;0;t2262
pomorskie;Słupsk;1272;0;301;0;t2263
pomorskie;Sopot;426;0;0;0;t2264
śląskie;będziński;2063;1;0;0;t2401
śląskie;bielski;1058;0;0;0;t2402
śląskie;cieszyński;3318;175;151;0;t2403
śląskie;częstochowski;465;0;0;0;t2404
śląskie;gliwicki;2342;0;74;0;t2405
śląskie;kłobucki;1309;0;141;0;t2406
śląskie;lubliniecki;1312;195;0;0;t2407
śląskie;mikołowski;1499;63;0;0;t2408
śląskie;myszkowski;1126;0;0;0;t2409
śląskie;pszczyński;264;0;0;0;t2410
śląskie;raciborski;1633;96;279;64;t2411
śląskie;rybnicki;89;0;0;0;t2412
śląskie;tarnogórski;2749;66;0;0;t2413
śląskie;bieruńsko-lędziński;89;0;0;0;t2414
śląskie;wodzisławski;900;90;0;0;t2415
śląskie;zawierciański;747;0;0;0;t2416
śląskie;żywiecki;1297;0;74;0;t2417
śląskie;Bielsko-Biała;5511;0;517;0;t2461
śląskie;Bytom;2820;0;71;0;t2462
śląskie;Chorzów;2273;0;0;0;t2463
śląskie;Częstochowa;4348;128;222;0;t2464
śląskie;Dąbrowa Górnicza;2438;400;0;0;t2465
śląskie;Gliwice;3468;30;234;0;t2466
śląskie;Jastrzębie-Zdrój;2697;0;152;0;t2467
śląskie;Jaworzno;534;0;0;0;t2468
śląskie;Katowice;13816;571;926;0;t2469
śląskie;Mysłowice;601;0;0;0;t2470
śląskie;Piekary Śląskie;1045;0;75;0;t2471
śląskie;Ruda Śląska;3042;107;295;0;t2472
śląskie;Rybnik;1696;0;0;0;t2473
śląskie;Siemianowice Śląskie;1547;0;0;0;t2474
śląskie;Sosnowiec;2671;0;0;0;t2475
śląskie;Świętochłowice;984;0;0;0;t2476
śląskie;Tychy;2962;0;77;0;t2477
śląskie;Zabrze;4374;0;520;0;t2478
śląskie;Żory;518;0;74;0;t2479
świętokrzyskie;buski;2094;0;147;0;t2601
świętokrzyskie;jędrzejowski;698;0;74;0;t2602
świętokrzyskie;kazimierski;352;90;0;0;t2603
świętokrzyskie;kielecki;1099;0;73;0;t2604
świętokrzyskie;konecki;1270;193;81;0;t2605
świętokrzyskie;opatowski;492;0;66;0;t2606
świętokrzyskie;ostrowiecki;532;0;0;0;t2607
świętokrzyskie;pińczowski;530;0;0;0;t2608
świętokrzyskie;sandomierski;969;0;73;0;t2609
świętokrzyskie;skarżyski;761;0;77;0;t2610
świętokrzyskie;starachowicki;1281;0;75;0;t2611
świętokrzyskie;staszowski;871;0;74;0;t2612
świętokrzyskie;włoszczowski;741;0;0;0;t2613
świętokrzyskie;Kielce;7409;96;447;0;t2661
warmińsko-mazurskie;bartoszycki;1148;90;0;0;t2801
warmińsko-mazurskie;braniewski;442;0;0;0;t2802
warmińsko-mazurskie;działdowski;711;0;0;0;t2803
warmińsko-mazurskie;elbląski;177;0;0;0;t2804
warmińsko-mazurskie;ełcki;1701;0;71;0;t2805
warmińsko-mazurskie;giżycki;614;0;0;0;t2806
warmińsko-mazurskie;iławski;795;0;0;0;t2807
warmińsko-mazurskie;kętrzyński;705;83;0;0;t2808
warmińsko-mazurskie;lidzbarski;535;0;0;0;t2809
warmińsko-mazurskie;mrągowski;581;0;0;0;t2810
warmińsko-mazurskie;nidzicki;354;0;0;0;t2811
warmińsko-mazurskie;nowomiejski;526;0;0;0;t2812
warmińsko-mazurskie;olecki;447;0;0;0;t2813
warmińsko-mazurskie;olsztyński;1487;0;0;0;t2814
warmińsko-mazurskie;ostródzki;1135;0;71;0;t2815
warmińsko-mazurskie;piski;1222;0;74;0;t2816
warmińsko-mazurskie;szczycieński;688;0;139;0;t2817
warmińsko-mazurskie;gołdapski;178;0;0;0;t2818
warmińsko-mazurskie;węgorzewski;502;0;0;0;t2819
warmińsko-mazurskie;Elbląg;2979;0;139;0;t2861
warmińsko-mazurskie;Olsztyn;7836;0;502;0;t2862
wielkopolskie;chodzieski;598;0;150;0;t3001
wielkopolskie;czarnkowsko-trzcianecki;1191;0;81;0;t3002
wielkopolskie;gnieźnieński;2215;0;70;0;t3003
wielkopolskie;gostyński;1084;0;48;0;t3004
wielkopolskie;grodziski;342;0;70;0;t3005
wielkopolskie;jarociński;696;0;76;0;t3006
wielkopolskie;kaliski;175;0;0;0;t3007
wielkopolskie;kępiński;593;0;68;0;t3008
wielkopolskie;kolski;718;66;0;0;t3009
wielkopolskie;koniński;177;0;0;0;t3010
wielkopolskie;kościański;951;54;0;0;t3011
wielkopolskie;krotoszyński;819;0;74;0;t3012
wielkopolskie;leszczyński;0;0;0;0;t3013
wielkopolskie;międzychodzki;938;0;143;0;t3014
wielkopolskie;nowotomyski;347;0;0;0;t3015
wielkopolskie;obornicki;822;126;74;0;t3016
wielkopolskie;ostrowski;1397;0;142;0;t3017
wielkopolskie;ostrzeszowski;722;105;72;0;t3018
wielkopolskie;pilski;1467;0;146;0;t3019
wielkopolskie;pleszewski;1921;41;439;0;t3020
wielkopolskie;poznański;1526;0;1;0;t3021
wielkopolskie;rawicki;1358;0;224;0;t3022
wielkopolskie;słupecki;1861;82;235;1;t3023
wielkopolskie;szamotulski;2015;0;0;0;t3024
wielkopolskie;średzki;903;48;204;39;t3025
wielkopolskie;śremski;1553;0;262;0;t3026
wielkopolskie;turecki;804;0;0;0;t3027
wielkopolskie;wągrowiecki;593;0;72;0;t3028
wielkopolskie;wolsztyński;875;0;74;0;t3029
wielkopolskie;wrzesiński;254;0;0;0;t3030
wielkopolskie;złotowski;696;0;74;0;t3031
wielkopolskie;Kalisz;2830;0;74;0;t3061
wielkopolskie;Konin;1223;0;70;0;t3062
wielkopolskie;Leszno;1738;0;71;0;t3063
wielkopolskie;Poznań;25644;1380;1762;3;t3064
zachodniopomorskie;białogardzki;361;0;0;0;t3201
zachodniopomorskie;choszczeński;442;0;0;0;t3202
zachodniopomorskie;drawski;351;0;0;0;t3203
zachodniopomorskie;goleniowski;1070;82;73;0;t3204
zachodniopomorskie;gryficki;942;0;29;0;t3205
zachodniopomorskie;gryfiński;874;0;0;0;t3206
zachodniopomorskie;kamieński;302;0;0;0;t3207
zachodniopomorskie;kołobrzeski;1500;0;74;0;t3208
zachodniopomorskie;koszaliński;444;0;0;0;t3209
zachodniopomorskie;myśliborski;708;0;0;0;t3210
zachodniopomorskie;policki;440;0;0;0;t3211
zachodniopomorskie;pyrzycki;439;0;0;0;t3212
zachodniopomorskie;sławieński;595;0;0;0;t3213
zachodniopomorskie;stargardzki;798;0;0;0;t3214
zachodniopomorskie;szczecinecki;1178;42;44;0;t3215
zachodniopomorskie;świdwiński;472;60;0;0;t3216
zachodniopomorskie;wałecki;777;0;145;0;t3217
zachodniopomorskie;łobeski;158;0;0;0;t3218
zachodniopomorskie;Koszalin;2788;120;183;2;t3261
zachodniopomorskie;Szczecin;14132;0;1335;0;t3262
zachodniopomorskie;Świnoujście;1019;0;152;0;t3263
Cały kraj;;701164;15129;46980;1191;t0000
