wojewodztwo;powiat_miasto;liczba_szczepien_ogolem;liczba_szczepien_dziennie;dawka_2_ogolem;dawka_2_dziennie;teryt
woj_puste;pow_puste;10370;217;1290;0;t00
dolnośląskie;bolesławiecki;16038;66;4735;0;t0201
dolnośląskie;dzierżoniowski;14515;472;3965;0;t0202
dolnośląskie;głogowski;13447;250;3252;0;t0203
dolnośląskie;górowski;4993;246;1339;0;t0204
dolnośląskie;jaworski;8562;93;2397;0;t0205
dolnośląskie;jeleniogórski;12565;177;3468;0;t0206
dolnośląskie;kamiennogórski;5996;132;1801;0;t0207
dolnośląskie;kłodzki;35427;42;10742;0;t0208
dolnośląskie;legnicki;6530;270;1566;0;t0209
dolnośląskie;lubański;6339;42;1765;0;t0210
dolnośląskie;lubiński;28531;541;8118;1;t0211
dolnośląskie;lwówecki;8106;251;2080;0;t0212
dolnośląskie;milicki;7728;224;2267;0;t0213
dolnośląskie;oleśnicki;12775;490;3270;1;t0214
dolnośląskie;oławski;14503;30;4009;28;t0215
dolnośląskie;polkowicki;3929;155;1050;0;t0216
dolnośląskie;strzeliński;8097;0;2401;0;t0217
dolnośląskie;średzki;5693;0;1590;0;t0218
dolnośląskie;świdnicki;21688;85;6408;0;t0219
dolnośląskie;trzebnicki;15868;193;4571;4;t0220
dolnośląskie;wałbrzyski;9070;137;2717;1;t0221
dolnośląskie;wołowski;8765;116;2506;0;t0222
dolnośląskie;wrocławski;18737;612;4913;0;t0223
dolnośląskie;ząbkowicki;13293;120;3872;1;t0224
dolnośląskie;zgorzelecki;14285;73;4733;0;t0225
dolnośląskie;złotoryjski;6983;0;1644;0;t0226
dolnośląskie;Jelenia Góra;20008;141;5310;0;t0261
dolnośląskie;Legnica;16475;160;4787;0;t0262
dolnośląskie;Wrocław;218250;5853;62263;86;t0264
dolnośląskie;Wałbrzych;66078;1221;16492;12;t0265
kujawsko-pomorskie;aleksandrowski;38034;456;10488;0;t0401
kujawsko-pomorskie;brodnicki;13112;266;3447;0;t0402
kujawsko-pomorskie;bydgoski;11950;199;3027;0;t0403
kujawsko-pomorskie;chełmiński;7938;457;1943;0;t0404
kujawsko-pomorskie;golubsko-dobrzyński;6059;67;1563;0;t0405
kujawsko-pomorskie;grudziądzki;3348;0;918;0;t0406
kujawsko-pomorskie;inowrocławski;24827;402;6696;0;t0407
kujawsko-pomorskie;lipnowski;10160;81;2703;0;t0408
kujawsko-pomorskie;mogileński;5112;2;1369;1;t0409
kujawsko-pomorskie;nakielski;7691;319;1819;0;t0410
kujawsko-pomorskie;radziejowski;7382;193;1834;0;t0411
kujawsko-pomorskie;rypiński;6822;198;1705;0;t0412
kujawsko-pomorskie;sępoleński;9342;0;2903;0;t0413
kujawsko-pomorskie;świecki;14099;215;4004;0;t0414
kujawsko-pomorskie;toruński;9890;163;2920;0;t0415
kujawsko-pomorskie;tucholski;6616;131;1784;0;t0416
kujawsko-pomorskie;wąbrzeski;5526;0;1678;0;t0417
kujawsko-pomorskie;włocławski;10533;101;3023;0;t0418
kujawsko-pomorskie;żniński;9152;154;2494;0;t0419
kujawsko-pomorskie;Bydgoszcz;93773;2192;25274;0;t0461
kujawsko-pomorskie;Grudziądz;22442;100;4414;0;t0462
kujawsko-pomorskie;Toruń;37261;731;10422;0;t0463
kujawsko-pomorskie;Włocławek;16206;279;4403;0;t0464
lubelskie;bialski;15274;177;4539;0;t0601
lubelskie;biłgorajski;13415;62;3710;1;t0602
lubelskie;chełmski;8128;29;2298;0;t0603
lubelskie;hrubieszowski;10734;0;3255;0;t0604
lubelskie;janowski;8638;30;2600;0;t0605
lubelskie;krasnostawski;9722;44;3042;0;t0606
lubelskie;kraśnicki;14039;51;4067;0;t0607
lubelskie;lubartowski;13480;261;4008;21;t0608
lubelskie;lubelski;19224;178;5777;37;t0609
lubelskie;łęczyński;10379;30;2862;0;t0610
lubelskie;łukowski;13904;125;4146;0;t0611
lubelskie;opolski;10314;75;2919;0;t0612
lubelskie;parczewski;7838;350;2376;6;t0613
lubelskie;puławski;24948;392;7064;0;t0614
lubelskie;radzyński;9049;0;2919;0;t0615
lubelskie;rycki;13576;189;3604;0;t0616
lubelskie;świdnicki;10077;0;3075;0;t0617
lubelskie;tomaszowski;13048;248;3738;0;t0618
lubelskie;włodawski;9175;158;2553;1;t0619
lubelskie;zamojski;12914;90;3805;0;t0620
lubelskie;Biała Podlaska;17535;236;4335;19;t0661
lubelskie;Chełm;13875;186;3387;42;t0662
lubelskie;Lublin;128630;1436;38259;25;t0663
lubelskie;Zamość;22493;305;5030;32;t0664
lubuskie;gorzowski;8018;49;2287;0;t0801
lubuskie;krośnieński;11189;50;2687;0;t0802
lubuskie;międzyrzecki;15547;290;3986;0;t0803
lubuskie;nowosolski;17224;256;4403;37;t0804
lubuskie;słubicki;7510;101;1911;0;t0805
lubuskie;strzelecko-drezdenecki;9204;202;2392;0;t0806
lubuskie;sulęciński;5567;20;1587;0;t0807
lubuskie;świebodziński;10705;152;3229;5;t0808
lubuskie;zielonogórski;18888;580;3647;0;t0809
lubuskie;żagański;9871;0;2641;0;t0810
lubuskie;żarski;22848;873;5123;0;t0811
lubuskie;wschowski;3891;0;1205;0;t0812
lubuskie;Gorzów Wielkopolski;27439;782;7376;0;t0861
lubuskie;Zielona Góra;32220;495;8711;4;t0862
łódzkie;bełchatowski;14823;214;4420;0;t1001
łódzkie;kutnowski;16345;204;4536;0;t1002
łódzkie;łaski;6151;50;1739;0;t1003
łódzkie;łęczycki;11051;10;3256;0;t1004
łódzkie;łowicki;21374;352;6871;2;t1005
łódzkie;łódzki wschodni;6857;189;1814;0;t1006
łódzkie;opoczyński;10814;34;3136;1;t1007
łódzkie;pabianicki;20212;293;5276;0;t1008
łódzkie;pajęczański;6029;103;1438;0;t1009
łódzkie;piotrkowski;8860;251;2431;0;t1010
łódzkie;poddębicki;5912;1;1533;0;t1011
łódzkie;radomszczański;18969;569;5222;0;t1012
łódzkie;rawski;6317;110;1822;0;t1013
łódzkie;sieradzki;17678;687;4361;0;t1014
łódzkie;skierniewicki;5052;38;1327;0;t1015
łódzkie;tomaszowski;19545;242;5220;30;t1016
łódzkie;wieluński;14614;397;3514;0;t1017
łódzkie;wieruszowski;6669;128;1837;0;t1018
łódzkie;zduńskowolski;9691;149;2856;1;t1019
łódzkie;zgierski;23757;296;6832;0;t1020
łódzkie;brzeziński;8525;91;2677;0;t1021
łódzkie;Łódź;211171;3072;62603;34;t1061
łódzkie;Piotrków Trybunalski;16113;128;4580;0;t1062
łódzkie;Skierniewice;14619;369;3738;0;t1063
małopolskie;bocheński;12195;534;2879;1;t1201
małopolskie;brzeski;14201;241;4182;0;t1202
małopolskie;chrzanowski;21781;812;5900;48;t1203
małopolskie;dąbrowski;8619;133;2456;0;t1204
małopolskie;gorlicki;19295;50;5932;0;t1205
małopolskie;krakowski;28074;761;7399;1;t1206
małopolskie;limanowski;17452;189;4831;0;t1207
małopolskie;miechowski;15111;101;4189;0;t1208
małopolskie;myślenicki;15705;393;4138;0;t1209
małopolskie;nowosądecki;25569;434;6979;1;t1210
małopolskie;nowotarski;27599;352;7400;0;t1211
małopolskie;olkuski;15360;462;3829;0;t1212
małopolskie;oświęcimski;18080;397;4921;0;t1213
małopolskie;proszowicki;6582;0;1911;0;t1214
małopolskie;suski;14702;0;4138;0;t1215
małopolskie;tarnowski;18279;183;5358;0;t1216
małopolskie;tatrzański;8842;116;2765;0;t1217
małopolskie;wadowicki;16172;520;4273;185;t1218
małopolskie;wielicki;11415;504;2660;1;t1219
małopolskie;Kraków;264830;5180;74450;21;t1261
małopolskie;Nowy Sącz;12411;50;2858;0;t1262
małopolskie;Tarnów;22573;276;5823;0;t1263
mazowieckie;białobrzeski;6367;29;1624;0;t1401
mazowieckie;ciechanowski;20312;168;6187;1;t1402
mazowieckie;garwoliński;14324;522;3490;0;t1403
mazowieckie;gostyniński;6906;131;2025;0;t1404
mazowieckie;grodziski;20264;318;5679;3;t1405
mazowieckie;grójecki;19644;701;4706;8;t1406
mazowieckie;kozienicki;8731;152;2226;0;t1407
mazowieckie;legionowski;11890;389;2835;0;t1408
mazowieckie;lipski;7586;77;2262;0;t1409
mazowieckie;łosicki;4696;95;1286;0;t1410
mazowieckie;makowski;8694;0;2429;0;t1411
mazowieckie;miński;21745;1274;4801;107;t1412
mazowieckie;mławski;12654;0;3565;0;t1413
mazowieckie;nowodworski;18727;507;5371;4;t1414
mazowieckie;ostrołęcki;12136;147;3410;0;t1415
mazowieckie;ostrowski;10924;179;3238;0;t1416
mazowieckie;otwocki;21695;141;7061;0;t1417
mazowieckie;piaseczyński;36798;991;8819;32;t1418
mazowieckie;płocki;16219;275;4552;0;t1419
mazowieckie;płoński;12112;51;3499;0;t1420
mazowieckie;pruszkowski;20753;1120;5784;78;t1421
mazowieckie;przasnyski;9931;50;2796;0;t1422
mazowieckie;przysuski;6756;0;1847;0;t1423
mazowieckie;pułtuski;10714;100;3211;0;t1424
mazowieckie;radomski;14369;558;4138;6;t1425
mazowieckie;siedlecki;8284;121;2406;1;t1426
mazowieckie;sierpecki;8757;227;2275;23;t1427
mazowieckie;sochaczewski;12368;112;2919;0;t1428
mazowieckie;sokołowski;10935;153;3017;2;t1429
mazowieckie;szydłowiecki;3697;0;1176;0;t1430
mazowieckie;warszawski zachodni;18354;458;5172;1;t1432
mazowieckie;węgrowski;10697;52;3083;0;t1433
mazowieckie;wołomiński;32343;990;8953;4;t1434
mazowieckie;wyszkowski;13272;50;4036;0;t1435
mazowieckie;zwoleński;6090;246;1612;33;t1436
mazowieckie;żuromiński;6458;0;1899;0;t1437
mazowieckie;żyrardowski;11642;144;3296;41;t1438
mazowieckie;Ostrołęka;22463;288;5850;0;t1461
mazowieckie;Płock;31440;592;8770;15;t1462
mazowieckie;Radom;51275;526;13363;0;t1463
mazowieckie;Siedlce;32058;729;8204;0;t1464
mazowieckie;Warszawa;553899;9536;153584;133;t1465
opolskie;brzeski;15869;0;4025;0;t1601
opolskie;głubczycki;10001;0;3150;0;t1602
opolskie;kędzierzyńsko-kozielski;15969;99;4625;0;t1603
opolskie;kluczborski;10593;139;2694;0;t1604
opolskie;krapkowicki;14793;827;3283;0;t1605
opolskie;namysłowski;5834;0;1793;0;t1606
opolskie;nyski;19354;54;5738;0;t1607
opolskie;oleski;10882;104;3156;0;t1608
opolskie;opolski;16860;263;4565;0;t1609
opolskie;prudnicki;8045;0;2514;0;t1610
opolskie;strzelecki;11184;50;3261;0;t1611
opolskie;Opole;48707;515;14802;141;t1661
podkarpackie;bieszczadzki;2665;36;826;0;t1801
podkarpackie;brzozowski;13352;131;3688;20;t1802
podkarpackie;dębicki;16913;571;4978;178;t1803
podkarpackie;jarosławski;9994;298;2563;1;t1804
podkarpackie;jasielski;15100;0;4413;0;t1805
podkarpackie;kolbuszowski;6388;158;1963;4;t1806
podkarpackie;krośnieński;15003;214;4588;0;t1807
podkarpackie;leżajski;9775;50;3049;0;t1808
podkarpackie;lubaczowski;10150;5;2896;0;t1809
podkarpackie;łańcucki;11754;78;3387;0;t1810
podkarpackie;mielecki;20453;776;5617;115;t1811
podkarpackie;niżański;8963;60;2647;0;t1812
podkarpackie;przemyski;5018;0;1497;0;t1813
podkarpackie;przeworski;8944;0;2709;0;t1814
podkarpackie;ropczycko-sędziszowski;9371;248;2752;29;t1815
podkarpackie;rzeszowski;17378;112;5365;7;t1816
podkarpackie;sanocki;10174;397;2727;42;t1817
podkarpackie;stalowowolski;21843;139;6763;0;t1818
podkarpackie;strzyżowski;8247;42;2583;0;t1819
podkarpackie;tarnobrzeski;4403;0;1298;0;t1820
podkarpackie;leski;3330;6;895;0;t1821
podkarpackie;Krosno;10316;303;2548;0;t1861
podkarpackie;Przemyśl;13795;82;3852;0;t1862
podkarpackie;Rzeszów;135874;3460;33792;169;t1863
podkarpackie;Tarnobrzeg;13656;466;3581;0;t1864
podlaskie;augustowski;9961;0;2864;0;t2001
podlaskie;białostocki;19240;280;6429;100;t2002
podlaskie;bielski;11336;0;3400;0;t2003
podlaskie;grajewski;6102;34;1813;1;t2004
podlaskie;hajnowski;9472;91;2934;0;t2005
podlaskie;kolneński;6364;88;2066;0;t2006
podlaskie;łomżyński;4353;0;1262;0;t2007
podlaskie;moniecki;5757;75;1704;1;t2008
podlaskie;sejneński;3401;50;931;0;t2009
podlaskie;siemiatycki;6877;74;2093;0;t2010
podlaskie;sokólski;10642;104;2868;0;t2011
podlaskie;suwalski;2680;0;878;0;t2012
podlaskie;wysokomazowiecki;12565;114;3669;0;t2013
podlaskie;zambrowski;4392;9;1333;0;t2014
podlaskie;Białystok;113036;2617;30933;655;t2061
podlaskie;Łomża;16173;240;4330;1;t2062
podlaskie;Suwałki;12719;1;3676;0;t2063
pomorskie;bytowski;15956;83;4959;0;t2201
pomorskie;chojnicki;15122;340;3718;4;t2202
pomorskie;człuchowski;8517;60;2452;0;t2203
pomorskie;gdański;10954;49;3386;0;t2204
pomorskie;kartuski;17441;288;5335;1;t2205
pomorskie;kościerski;14194;111;4123;0;t2206
pomorskie;kwidzyński;10683;0;3079;0;t2207
pomorskie;lęborski;12511;154;3786;0;t2208
pomorskie;malborski;9905;0;2899;0;t2209
pomorskie;nowodworski;7734;136;2146;1;t2210
pomorskie;pucki;9834;52;2764;0;t2211
pomorskie;słupski;8164;131;2408;0;t2212
pomorskie;starogardzki;21131;415;6379;0;t2213
pomorskie;tczewski;16559;111;4834;0;t2214
pomorskie;wejherowski;30006;1108;8319;6;t2215
pomorskie;sztumski;7816;102;2384;0;t2216
pomorskie;Gdańsk;169139;2369;48061;16;t2261
pomorskie;Gdynia;62942;2036;17542;15;t2262
pomorskie;Słupsk;17237;181;4140;4;t2263
pomorskie;Sopot;30199;338;10448;0;t2264
śląskie;będziński;17003;120;4753;0;t2401
śląskie;bielski;19893;714;5507;1;t2402
śląskie;cieszyński;29753;270;8933;1;t2403
śląskie;częstochowski;16267;29;4297;0;t2404
śląskie;gliwicki;22561;190;6669;1;t2405
śląskie;kłobucki;12457;60;3488;0;t2406
śląskie;lubliniecki;11962;373;3614;98;t2407
śląskie;mikołowski;12432;214;3451;0;t2408
śląskie;myszkowski;12004;290;3417;0;t2409
śląskie;pszczyński;8303;98;2263;0;t2410
śląskie;raciborski;20771;663;5624;1;t2411
śląskie;rybnicki;4616;349;892;0;t2412
śląskie;tarnogórski;34612;639;9431;14;t2413
śląskie;bieruńsko-lędziński;7106;149;2001;1;t2414
śląskie;wodzisławski;19096;123;4798;1;t2415
śląskie;zawierciański;16986;929;4088;0;t2416
śląskie;żywiecki;20063;253;5584;0;t2417
śląskie;Bielsko-Biała;39972;783;10652;0;t2461
śląskie;Bytom;21917;90;6788;0;t2462
śląskie;Chorzów;34761;414;11816;0;t2463
śląskie;Częstochowa;51330;1391;12162;64;t2464
śląskie;Dąbrowa Górnicza;15102;821;4009;0;t2465
śląskie;Gliwice;47031;2508;9296;16;t2466
śląskie;Jastrzębie-Zdrój;12176;0;3935;0;t2467
śląskie;Jaworzno;11046;460;2965;0;t2468
śląskie;Katowice;144373;4880;37554;10;t2469
śląskie;Mysłowice;13408;155;3592;0;t2470
śląskie;Piekary Śląskie;7115;110;1998;0;t2471
śląskie;Ruda Śląska;25656;1297;6569;0;t2472
śląskie;Rybnik;14825;51;3559;0;t2473
śląskie;Siemianowice Śląskie;17055;968;4012;49;t2474
śląskie;Sosnowiec;35615;2521;7506;0;t2475
śląskie;Świętochłowice;8814;0;2425;0;t2476
śląskie;Tychy;22637;204;6553;0;t2477
śląskie;Zabrze;29579;776;8881;0;t2478
śląskie;Żory;8210;50;2023;0;t2479
świętokrzyskie;buski;13175;46;4143;0;t2601
świętokrzyskie;jędrzejowski;11864;576;3112;1;t2602
świętokrzyskie;kazimierski;5088;111;1373;0;t2603
świętokrzyskie;kielecki;23678;563;6559;2;t2604
świętokrzyskie;konecki;10709;51;3286;0;t2605
świętokrzyskie;opatowski;8177;60;2521;0;t2606
świętokrzyskie;ostrowiecki;16406;177;4367;0;t2607
świętokrzyskie;pińczowski;6842;223;1878;3;t2608
świętokrzyskie;sandomierski;15742;173;4135;1;t2609
świętokrzyskie;skarżyski;8869;102;2437;0;t2610
świętokrzyskie;starachowicki;11773;222;3377;0;t2611
świętokrzyskie;staszowski;9274;148;2808;0;t2612
świętokrzyskie;włoszczowski;10393;202;2834;0;t2613
świętokrzyskie;Kielce;65079;1465;16728;308;t2661
warmińsko-mazurskie;bartoszycki;10995;466;2615;0;t2801
warmińsko-mazurskie;braniewski;7153;0;2011;0;t2802
warmińsko-mazurskie;działdowski;9775;204;2534;0;t2803
warmińsko-mazurskie;elbląski;7695;0;2263;0;t2804
warmińsko-mazurskie;ełcki;18040;945;4209;0;t2805
warmińsko-mazurskie;giżycki;8732;184;2290;66;t2806
warmińsko-mazurskie;iławski;11608;110;2801;0;t2807
warmińsko-mazurskie;kętrzyński;8303;50;2170;0;t2808
warmińsko-mazurskie;lidzbarski;6671;0;1835;0;t2809
warmińsko-mazurskie;mrągowski;6017;0;1627;0;t2810
warmińsko-mazurskie;nidzicki;13278;50;4441;0;t2811
warmińsko-mazurskie;nowomiejski;6859;52;1848;0;t2812
warmińsko-mazurskie;olecki;5363;0;1382;0;t2813
warmińsko-mazurskie;olsztyński;21220;731;5697;1;t2814
warmińsko-mazurskie;ostródzki;13048;60;3636;0;t2815
warmińsko-mazurskie;piski;14570;84;4106;0;t2816
warmińsko-mazurskie;szczycieński;12358;107;2973;0;t2817
warmińsko-mazurskie;gołdapski;4407;21;1168;9;t2818
warmińsko-mazurskie;węgorzewski;3949;49;1132;0;t2819
warmińsko-mazurskie;Elbląg;28547;338;7499;0;t2861
warmińsko-mazurskie;Olsztyn;57133;1228;16115;0;t2862
wielkopolskie;chodzieski;6299;99;1699;0;t3001
wielkopolskie;czarnkowsko-trzcianecki;16574;322;3946;4;t3002
wielkopolskie;gnieźnieński;25211;365;6939;2;t3003
wielkopolskie;gostyński;15861;387;4492;0;t3004
wielkopolskie;grodziski;6483;0;1663;0;t3005
wielkopolskie;jarociński;9810;0;2594;0;t3006
wielkopolskie;kaliski;10736;216;3123;1;t3007
wielkopolskie;kępiński;8104;83;2283;0;t3008
wielkopolskie;kolski;10635;114;2898;0;t3009
wielkopolskie;koniński;14538;80;3859;0;t3010
wielkopolskie;kościański;8456;265;2022;1;t3011
wielkopolskie;krotoszyński;11752;120;3502;0;t3012
wielkopolskie;leszczyński;4362;125;1166;40;t3013
wielkopolskie;międzychodzki;7171;102;2026;0;t3014
wielkopolskie;nowotomyski;11450;224;3262;16;t3015
wielkopolskie;obornicki;13199;537;3679;56;t3016
wielkopolskie;ostrowski;25417;246;7510;0;t3017
wielkopolskie;ostrzeszowski;9642;34;2778;0;t3018
wielkopolskie;pilski;21003;159;5459;0;t3019
wielkopolskie;pleszewski;13514;50;4184;0;t3020
wielkopolskie;poznański;34952;1760;9242;192;t3021
wielkopolskie;rawicki;8466;0;2548;0;t3022
wielkopolskie;słupecki;10107;49;3371;0;t3023
wielkopolskie;szamotulski;13473;30;3805;0;t3024
wielkopolskie;średzki;7836;53;2007;0;t3025
wielkopolskie;śremski;9549;91;2956;0;t3026
wielkopolskie;turecki;9672;341;2768;0;t3027
wielkopolskie;wągrowiecki;4848;0;1097;0;t3028
wielkopolskie;wolsztyński;8947;146;2266;1;t3029
wielkopolskie;wrzesiński;9619;159;2168;0;t3030
wielkopolskie;złotowski;8681;200;2329;0;t3031
wielkopolskie;Kalisz;21731;401;4925;1;t3061
wielkopolskie;Konin;17419;159;3865;0;t3062
wielkopolskie;Leszno;11416;263;2943;3;t3063
wielkopolskie;Poznań;228346;5434;65237;70;t3064
zachodniopomorskie;białogardzki;7247;304;1591;0;t3201
zachodniopomorskie;choszczeński;8427;51;2352;0;t3202
zachodniopomorskie;drawski;11703;0;2953;0;t3203
zachodniopomorskie;goleniowski;12533;51;3468;0;t3204
zachodniopomorskie;gryficki;7863;221;2434;1;t3205
zachodniopomorskie;gryfiński;11740;90;3463;0;t3206
zachodniopomorskie;kamieński;8410;50;2222;0;t3207
zachodniopomorskie;kołobrzeski;18722;134;4786;0;t3208
zachodniopomorskie;koszaliński;8347;0;2480;0;t3209
zachodniopomorskie;myśliborski;7410;111;1923;0;t3210
zachodniopomorskie;policki;8629;126;2321;0;t3211
zachodniopomorskie;pyrzycki;4904;119;1322;0;t3212
zachodniopomorskie;sławieński;9072;256;2136;1;t3213
zachodniopomorskie;stargardzki;15608;303;3989;0;t3214
zachodniopomorskie;szczecinecki;18043;940;4285;29;t3215
zachodniopomorskie;świdwiński;6503;125;1593;0;t3216
zachodniopomorskie;wałecki;7448;0;1947;0;t3217
zachodniopomorskie;łobeski;3482;50;982;0;t3218
zachodniopomorskie;Koszalin;24544;851;6306;0;t3261
zachodniopomorskie;Szczecin;123039;3155;34501;10;t3262
zachodniopomorskie;Świnoujście;8527;50;2471;0;t3263
Cały kraj;;7635264;142346;2105550;3770;t0000
